id,img,type,title,actor,score,link,source
0,//puui.qpic.cn/vcover_vt_pic/0/s5gyg482zt8zf5mt1463842969.jpg/220,剧情,袁隆平,主演：果静林 曹艳艳,8.2 ,https://v.qq.com/x/cover/s5gyg482zt8zf5m.html,https://v.qq.com/txp/iframe/player.html?vid=l0026wusow1
1,//puui.qpic.cn/vcover_vt_pic/0/4xf4ni3vwii9kl11506674275/220,剧情,建军大业,主演：刘烨 朱亚文 黄志忠 欧豪 王景春 杨大鹏 霍建华 关晓彤,7.6 ,https://v.qq.com/x/cover/4xf4ni3vwii9kl1.html,https://v.qq.com/txp/iframe/player.html?vid=p00246at0hr
2,//puui.qpic.cn/vcover_vt_pic/0/pv1noxn2wtgzasht1444957124.jpg/220,剧情,赤道,主演：张家辉 张学友 张震 王学圻 池珍熙 崔始源 余文乐 文咏珊,8 ,https://v.qq.com/x/cover/pv1noxn2wtgzash.html,https://v.qq.com/txp/iframe/player.html?vid=q00168qh74n
3,//puui.qpic.cn/vcover_vt_pic/0/piegqd6mz97tr8b1559743696/220,剧情,机械师,主演：杰森・斯坦森 本・福斯特 托尼・戈德温 唐纳德・萨瑟兰 杰夫・蔡斯,8.4 ,https://v.qq.com/x/cover/piegqd6mz97tr8b.html,https://v.qq.com/txp/iframe/player.html?vid=i00227leh0g
4,//puui.qpic.cn/vcover_vt_pic/0/msbt3iret5tgwu81567135959/220,剧情,赌神,主演：周润发 王祖贤 刘德华 张敏,9 ,https://v.qq.com/x/cover/msbt3iret5tgwu8.html,https://v.qq.com/txp/iframe/player.html?vid=m0025c8sgbz
5,//puui.qpic.cn/vcover_vt_pic/0/7hg5nr3x10ingpj1564383305/220,剧情,三生三世十里桃花,主演：刘亦菲 杨洋 罗晋 严屹宽,6.9 ,https://v.qq.com/x/cover/7hg5nr3x10ingpj.html,https://v.qq.com/txp/iframe/player.html?vid=a0024e92mp5
6,//puui.qpic.cn/vcover_vt_pic/0/hu9th0blgco6c891481622249/220,剧情,金陵十三钗,主演：克里斯蒂安・贝尔 佟大为 聂远 窦骁 渡部笃郎 黄海波,8.9 ,https://v.qq.com/x/cover/hu9th0blgco6c89.html,https://v.qq.com/txp/iframe/player.html?vid=h0034diznzc
7,//puui.qpic.cn/vcover_vt_pic/0/3fvg46217gw800n1566963547/220,剧情,流浪地球,主演：屈楚萧 吴京 李光洁 吴孟达 赵今麦,8.9 ,https://v.qq.com/x/cover/3fvg46217gw800n.html,https://v.qq.com/txp/iframe/player.html?vid=h0030qj4fov
8,//puui.qpic.cn/vcover_vt_pic/0/j22edv0k6xtn65p1567580929/220,剧情,毒战,主演：孙红雷 古天乐 黄奕,8.6 ,https://v.qq.com/x/cover/j22edv0k6xtn65p.html,https://v.qq.com/txp/iframe/player.html?vid=u0012k5fks6
9,//puui.qpic.cn/vcover_vt_pic/0/skl46pqqu1e7bmx1567406424/220,剧情,僵尸,主演：钱小豪 陈友 惠英红 楼南光 鲍起静 吴耀汉,8.8 ,https://v.qq.com/x/cover/skl46pqqu1e7bmx.html,https://v.qq.com/txp/iframe/player.html?vid=b0021iwtlcp
10,//puui.qpic.cn/vcover_vt_pic/0/29trop8s2ipr3es1567494088/220,剧情,末代皇帝,主演：尊龙 陈冲 邬君梅,9.4 ,https://v.qq.com/x/cover/29trop8s2ipr3es.html,https://v.qq.com/txp/iframe/player.html?vid=n0029aoeg4q
11,//puui.qpic.cn/vcover_vt_pic/0/3xk72twalaqaku01574761643/220,剧情,鬼吹灯之寻龙诀,主演：陈坤 黄渤 舒淇 Angelababy 夏雨,8.6 ,https://v.qq.com/x/cover/3xk72twalaqaku0.html,https://v.qq.com/txp/iframe/player.html?vid=n0019nf7q8j
12,//puui.qpic.cn/vcover_vt_pic/0/fvqtezz7d8l98ly1566972978/220,剧情,封神传奇,主演：李连杰 范冰冰 黄晓明 古天乐,6.6 ,https://v.qq.com/x/cover/fvqtezz7d8l98ly.html,https://v.qq.com/txp/iframe/player.html?vid=r00213z4sml
13,//puui.qpic.cn/vcover_vt_pic/0/d29dakv9k1xy9p9t1474957822.jpg/220,剧情,使徒行者,主演：张家辉 古天乐 吴镇宇 佘诗曼,8.2 ,https://v.qq.com/x/cover/d29dakv9k1xy9p9.html,https://v.qq.com/txp/iframe/player.html?vid=s00218fstio
14,//puui.qpic.cn/vcover_vt_pic/0/phk4s9bkfs8xdn41560248264/220,剧情,一九四二,主演：张国立 徐帆 张默 陈道明 李倩 冯远征 李雪健 张涵予 范伟 阿德里安・布洛迪 王子文,8.7 ,https://v.qq.com/x/cover/phk4s9bkfs8xdn4.html,https://v.qq.com/txp/iframe/player.html?vid=r0012fmwaf2
15,//puui.qpic.cn/vcover_vt_pic/0/lcewsuqxacvnvh51551083299/220,剧情,廉政风云,主演：刘青云 张家辉 林嘉欣 方中信 袁咏仪,8.1 ,https://v.qq.com/x/cover/lcewsuqxacvnvh5.html,https://v.qq.com/txp/iframe/player.html?vid=g0030fz6dww
16,//puui.qpic.cn/vcover_vt_pic/0/61o608thop3ozt81559740573/220,剧情,新少林寺,主演：刘德华 谢霆锋 成龙 范冰冰,7.8 ,https://v.qq.com/x/cover/61o608thop3ozt8.html,https://v.qq.com/txp/iframe/player.html?vid=8wvgyFD3RpP
17,//puui.qpic.cn/vcover_vt_pic/0/r3m3bpm2cyjpf1e1567586633/220,剧情,英雄本色,主演：狄龙 张国荣 周润发 李子雄,9.2 ,https://v.qq.com/x/cover/r3m3bpm2cyjpf1e.html,https://v.qq.com/txp/iframe/player.html?vid=J0010Jx6aIW
18,//puui.qpic.cn/vcover_vt_pic/0/o2v24no985ntwdo1559739870/220,剧情,宫锁沉香,主演：周冬雨 陈晓 赵丽颖 朱梓骁 包贝尔,7.3 ,https://v.qq.com/x/cover/o2v24no985ntwdo.html,https://v.qq.com/txp/iframe/player.html?vid=n0025ppl6rn
19,//puui.qpic.cn/vcover_vt_pic/0/gz9q7kd8wviwkxv1575449502/220,剧情,你的名字。,新海诚口碑票房双爆神作,9.1 ,https://v.qq.com/x/cover/gz9q7kd8wviwkxv.html,https://v.qq.com/txp/iframe/player.html?vid=m0024nvac3j
20,//puui.qpic.cn/vcover_vt_pic/0/4ins96adw2a5rfv1567562656/220,剧情,精英部队2：大敌当前,主演：瓦格纳・马拉 安德烈・拉米罗 米尔黑・考塔兹 玛利亚・瑞贝罗 伊兰迪尔・桑托斯,9.2 ,https://v.qq.com/x/cover/4ins96adw2a5rfv.html,https://v.qq.com/txp/iframe/player.html?vid=d0028novww9
21,//puui.qpic.cn/vcover_vt_pic/0/wtr1lrmk9w72j6x1555916464/220,剧情,巴霍巴利王：开端,主演：帕拉巴斯 拉纳・达格巴提 安努舒卡・谢蒂 特曼娜・芭蒂亚,8.5 ,https://v.qq.com/x/cover/wtr1lrmk9w72j6x.html,https://v.qq.com/txp/iframe/player.html?vid=y0021n00kgf
22,//puui.qpic.cn/vcover_vt_pic/0/uecexs5vdqcsfkft1444903065.jpg/220,剧情,夺帅,主演：任达华 吴京 恬妞 李修贤 洪金宝,7.9 ,https://v.qq.com/x/cover/uecexs5vdqcsfkf.html,https://v.qq.com/txp/iframe/player.html?vid=v0023g279po
23,//puui.qpic.cn/vcover_vt_pic/0/mzc00200ev63oql1612183781246/220,剧情,顶牛,主演：陈佩斯 陈大愚,7.6 ,https://v.qq.com/x/cover/mzc00200ev63oql.html,https://v.qq.com/txp/iframe/player.html?vid=z003523ai1b
24,//puui.qpic.cn/vcover_vt_pic/0/bok67qa8snhlg0b1569581891/220,剧情,比悲伤更悲伤的故事,主演：陈意涵 刘以豪 张书豪 陈庭妮 吴映洁,7.2 ,https://v.qq.com/x/cover/bok67qa8snhlg0b.html,https://v.qq.com/txp/iframe/player.html?vid=w0030lpmj43
25,//puui.qpic.cn/vcover_vt_pic/0/4myi5m71d14pdmr1541657729/220,剧情,悲伤逆流成河,主演：赵英博 任敏 辛云来 章若楠 朱丹妮,7.8 ,https://v.qq.com/x/cover/4myi5m71d14pdmr.html,https://v.qq.com/txp/iframe/player.html?vid=c00287rxsd1
26,//puui.qpic.cn/vcover_vt_pic/0/luxx8xe8hybi2vp1556009315/220,剧情,一念天堂,主演：沈腾 马丽 杜晓宇 林雪,7.7 ,https://v.qq.com/x/cover/luxx8xe8hybi2vp.html,https://v.qq.com/txp/iframe/player.html?vid=h0019uqnsu2
27,//puui.qpic.cn/vcover_vt_pic/0/we35g3aduiwkudpt1466645487.jpg/220,剧情,大鱼海棠,惊艳中国画风美哭你,8.2 ,https://v.qq.com/x/cover/we35g3aduiwkudp.html,https://v.qq.com/txp/iframe/player.html?vid=u0021lcrkp2
28,//puui.qpic.cn/vcover_vt_pic/0/20lmr7rqqw8hxo31512031990/220,剧情,英雄本色3,主演：周润发 梅艳芳 梁家辉 张可颐 时任三郎,8.5 ,https://v.qq.com/x/cover/20lmr7rqqw8hxo3.html,https://v.qq.com/txp/iframe/player.html?vid=a0017hzacpa
29,//puui.qpic.cn/vcover_vt_pic/0/db2e4g0eyqrenbnt1444814452.jpg/220,剧情,第三种爱情,主演：刘亦菲 宋承宪 欧弟 江语晨,7.4 ,https://v.qq.com/x/cover/db2e4g0eyqrenbn.html,https://v.qq.com/txp/iframe/player.html?vid=a0018b07ptf
30,//puui.qpic.cn/vcover_vt_pic/0/xg95sxi4q7zc4uot1460107848.jpg/220,喜剧,美人鱼,主演：邓超 罗志祥 张雨绮 林允,8.3 ,https://v.qq.com/x/cover/xg95sxi4q7zc4uo.html,https://v.qq.com/txp/iframe/player.html?vid=u0020m5jr73
31,//puui.qpic.cn/vcover_vt_pic/0/ge1vg9evjfeb6l01568013388/220,喜剧,夏洛特烦恼,主演：沈腾 马丽 尹正 王智 艾伦 田雨 宋阳,8.7 ,https://v.qq.com/x/cover/ge1vg9evjfeb6l0.html,https://v.qq.com/txp/iframe/player.html?vid=u0019esirxq
32,//puui.qpic.cn/vcover_vt_pic/0/ujnamwpqg1xg8qm1559139238/220,喜剧,西游・降魔篇,主演：文章 舒淇 黄渤 罗志祥,8.5 ,https://v.qq.com/x/cover/ujnamwpqg1xg8qm.html,https://v.qq.com/txp/iframe/player.html?vid=y0012j6s11e
33,//puui.qpic.cn/vcover_vt_pic/0/b40ff7kummjfp7e1566963062/220,喜剧,澳门风云3,主演：周润发 张家辉 刘德华 张学友 李宇春 刘嘉玲 余文乐,7 ,https://v.qq.com/x/cover/b40ff7kummjfp7e.html,https://v.qq.com/txp/iframe/player.html?vid=w0022h0g5ep
34,//puui.qpic.cn/vcover_vt_pic/0/q8xwiu8yyxahzz8t1453946418.jpg/220,喜剧,功夫熊猫3,主演：杰克・布莱克 詹姆斯・洪 安吉丽娜・朱莉 塞斯・罗根,8.8 ,https://v.qq.com/x/cover/q8xwiu8yyxahzz8.html,https://v.qq.com/txp/iframe/player.html?vid=b00204e4jsv
35,//puui.qpic.cn/vcover_vt_pic/0/msbt3iret5tgwu81567135959/220,喜剧,赌神,主演：周润发 王祖贤 刘德华 张敏,9 ,https://v.qq.com/x/cover/msbt3iret5tgwu8.html,https://v.qq.com/txp/iframe/player.html?vid=m0025c8sgbz
36,//puui.qpic.cn/vcover_vt_pic/0/3v5ksc6jiwskqw41480909679/220,喜剧,倒霉特工熊,主演：汤水雨 杨默,7.1 ,https://v.qq.com/x/cover/3v5ksc6jiwskqw4.html,https://v.qq.com/txp/iframe/player.html?vid=k0022kdpwgl
37,//puui.qpic.cn/vcover_vt_pic/0/xgyd6mjl7vo6kpb1566899623/220,喜剧,爱情公寓,主演：陈赫 袁弘 娄艺潇 邓家佳 孙艺洲 李佳航 李金铭,6.5 ,https://v.qq.com/x/cover/xgyd6mjl7vo6kpb.html,https://v.qq.com/txp/iframe/player.html?vid=l0027c0139f
38,//puui.qpic.cn/vcover_vt_pic/0/qxlvauamtoi399d1567675979/220,喜剧,恐龙王,恐龙父子大冒险,7.7 ,https://v.qq.com/x/cover/qxlvauamtoi399d.html,https://v.qq.com/txp/iframe/player.html?vid=x0029a78drl
39,//puui.qpic.cn/vcover_vt_pic/0/cgeg2g3t7b8gm6l1481535277/220,喜剧,西游・伏妖篇,主演：吴亦凡 林更新 姚晨 王丽坤 林允,7.6 ,https://v.qq.com/x/cover/cgeg2g3t7b8gm6l.html,https://v.qq.com/txp/iframe/player.html?vid=r0023o66yh6
40,//puui.qpic.cn/vcover_vt_pic/0/3o56brnhunm5bwxt1444824302.jpg/220,喜剧,西游记之大圣归来,大圣脱胎换骨惊艳四方,9 ,https://v.qq.com/x/cover/3o56brnhunm5bwx.html,https://v.qq.com/txp/iframe/player.html?vid=x0018dcg7rm
41,//puui.qpic.cn/vcover_vt_pic/0/jpjl78i91mx05bu1509087554/220,喜剧,羞羞的铁拳,主演：艾伦 马丽 沈腾 宋阳 田雨,8.3 ,https://v.qq.com/x/cover/jpjl78i91mx05bu.html,https://v.qq.com/txp/iframe/player.html?vid=m0025mcvah8
42,//puui.qpic.cn/vcover_vt_pic/0/w0p8sj2lhtdup961531896398/220,喜剧,金装鬼打鬼,主演：林正英 楼南光 陈颖芝 金十二 谢伟杰 何沛东,7.8 ,https://v.qq.com/x/cover/w0p8sj2lhtdup96.html,https://v.qq.com/txp/iframe/player.html?vid=f0010yjGaWd
43,//puui.qpic.cn/vcover_vt_pic/0/kep6vp3yaheymko1567406134/220,喜剧,一吻定情,主演：王大陆 林允 陈柏融 蔡思韵 邰智源,7.2 ,https://v.qq.com/x/cover/kep6vp3yaheymko.html,https://v.qq.com/txp/iframe/player.html?vid=g0030phbcgi
44,//puui.qpic.cn/vcover_vt_pic/0/q4enmfhbv50hqnc1568019614/220,喜剧,王牌保镖,主演：塞缪尔・杰克逊 加里・奥德曼 萨尔玛・海耶克 艾洛蒂・袁 瑞恩・雷诺兹,8.4 ,https://v.qq.com/x/cover/q4enmfhbv50hqnc.html,https://v.qq.com/txp/iframe/player.html?vid=q00241tjkny
45,//puui.qpic.cn/vcover_vt_pic/0/5y95zy4idzqf6hc1515143734/220,喜剧,捉妖记2,主演：梁朝伟 白百何 井柏然 李宇春 杨v宁,7.4 ,https://v.qq.com/x/cover/5y95zy4idzqf6hc.html,https://v.qq.com/txp/iframe/player.html?vid=b0026xs9my6
46,//puui.qpic.cn/vcover_vt_pic/0/hdavca20ujfapqy1567073135/220,喜剧,胖子行动队,主演：包贝尔 文章 郭京飞 克拉拉 辣目洋子,7 ,https://v.qq.com/x/cover/hdavca20ujfapqy.html,https://v.qq.com/txp/iframe/player.html?vid=h0029he3ge6
47,//puui.qpic.cn/vcover_vt_pic/0/jnerh30ho8ghhe71556009213/220,喜剧,港,主演：徐峥 赵薇 包贝尔 杜鹃,7.7 ,https://v.qq.com/x/cover/jnerh30ho8ghhe7.html,https://v.qq.com/txp/iframe/player.html?vid=j00196h3mlo
48,//puui.qpic.cn/vcover_vt_pic/0/h05z5bsjxw544er1575449796/220,喜剧,前任3：再见前任,主演：韩庚 郑恺 于文文 曾梦雪 罗米,7.6 ,https://v.qq.com/x/cover/h05z5bsjxw544er.html,https://v.qq.com/txp/iframe/player.html?vid=w00265x48dj
49,//puui.qpic.cn/vcover_vt_pic/0/rtxppsa2dqxd6ok1567664933/220,喜剧,擦枪走火,主演：喻恩泰 倪虹洁 李锐,7 ,https://v.qq.com/x/cover/rtxppsa2dqxd6ok.html,https://v.qq.com/txp/iframe/player.html?vid=z0019zvhrji
50,//puui.qpic.cn/vcover_vt_pic/0/luxx8xe8hybi2vp1556009315/220,喜剧,一念天堂,主演：沈腾 马丽 杜晓宇 林雪,7.7 ,https://v.qq.com/x/cover/luxx8xe8hybi2vp.html,https://v.qq.com/txp/iframe/player.html?vid=h0019uqnsu2
51,//puui.qpic.cn/vcover_vt_pic/0/q36vxbd95odijk11506398254/220,喜剧,缝纫机乐队,主演：大鹏 乔杉 古力娜扎 李鸿其 韩童生 曲隽希,8.2 ,https://v.qq.com/x/cover/q36vxbd95odijk1.html,https://v.qq.com/txp/iframe/player.html?vid=d0025qwwbvp
52,//puui.qpic.cn/vcover_vt_pic/0/uxcy3k044fczp2jt1450859412.jpg/220,喜剧,恶棍天使,主演：邓超 孙俪 代乐乐 梁超 杨新鸣,6.9 ,https://v.qq.com/x/cover/uxcy3k044fczp2j.html,https://v.qq.com/txp/iframe/player.html?vid=o0019h6qllq
53,//puui.qpic.cn/vcover_vt_pic/0/rj5vksslchkvh631565665617/220,喜剧,猪猪侠・不可思议的世界,超萌小猪开启奇幻之旅,7.2 ,https://v.qq.com/x/cover/rj5vksslchkvh63.html,https://v.qq.com/txp/iframe/player.html?vid=p0031z6sgih
54,//puui.qpic.cn/vcover_vt_pic/0/39d0cimjjr9hmd11568114930/220,喜剧,武林怪兽,主演：古天乐 陈学冬 郭碧婷 包贝尔 王太利,6.6 ,https://v.qq.com/x/cover/39d0cimjjr9hmd1.html,https://v.qq.com/txp/iframe/player.html?vid=v00292i4fl2
55,//puui.qpic.cn/vcover_vt_pic/0/xprp6khqsxeq8m21576394631/220,喜剧,美食大冒险之英雄烩,“寿气包”CP闯荡江湖,8.7 ,https://v.qq.com/x/cover/xprp6khqsxeq8m2.html,https://v.qq.com/txp/iframe/player.html?vid=j003359l4mt
56,//puui.qpic.cn/vcover_vt_pic/0/qmefcsfx2vkifaat1444965084.jpg/220,喜剧,功夫之王,主演：成龙 李连杰 刘亦菲 迈克尔・安格拉诺,7.6 ,https://v.qq.com/x/cover/qmefcsfx2vkifaa.html,https://v.qq.com/txp/iframe/player.html?vid=8O933NmPt5v
57,//puui.qpic.cn/vcover_vt_pic/0/1dc6xsgwwa0t98c1547433001/220,喜剧,印度暴徒,主演：阿米尔・汗 卡特莉娜・卡芙 阿米特巴・巴强 劳埃德・欧文 法缇玛・萨那・纱卡,7.8 ,https://v.qq.com/x/cover/1dc6xsgwwa0t98c.html,https://v.qq.com/txp/iframe/player.html?vid=b0029davvsn
58,//puui.qpic.cn/vcover_vt_pic/0/bojb6fxtqh2ekw01566966247/220,喜剧,李茶的姑妈,主演：黄才伦 艾伦 宋阳 卢靖姗 沈腾,7.1 ,https://v.qq.com/x/cover/bojb6fxtqh2ekw0.html,https://v.qq.com/txp/iframe/player.html?vid=l0029su5phq
59,//puui.qpic.cn/vcover_vt_pic/0/6wx9pvukqzx9mkx1543738220/220,喜剧,猛鬼学堂,主演：张学友 许冠英 林忆莲 楼南光,8.1 ,https://v.qq.com/x/cover/6wx9pvukqzx9mkx.html,https://v.qq.com/txp/iframe/player.html?vid=8qHKJCyvYNt
60,//puui.qpic.cn/vcover_vt_pic/0/pv1noxn2wtgzasht1444957124.jpg/220,动作,赤道,主演：张家辉 张学友 张震 王学圻 池珍熙 崔始源 余文乐 文咏珊,8 ,https://v.qq.com/x/cover/pv1noxn2wtgzash.html,https://v.qq.com/txp/iframe/player.html?vid=q00168qh74n
61,//puui.qpic.cn/vcover_vt_pic/0/1bnyfttijufe0cq1567479871/220,动作,战狼,主演：吴京 余男 斯科特・阿特金斯 凯文・李 倪大红,8.3 ,https://v.qq.com/x/cover/1bnyfttijufe0cq.html,https://v.qq.com/txp/iframe/player.html?vid=m0016nwmqws
62,//puui.qpic.cn/vcover_vt_pic/0/xyaud3hk6mmi6ss1513156112/220,动作,追龙,主演：甄子丹 刘德华 郑则仕 姜皓文 刘浩龙,8.5 ,https://v.qq.com/x/cover/xyaud3hk6mmi6ss.html,https://v.qq.com/txp/iframe/player.html?vid=i0025s06fdc
63,//puui.qpic.cn/vcover_vt_pic/0/b40ff7kummjfp7e1566963062/220,动作,澳门风云3,主演：周润发 张家辉 刘德华 张学友 李宇春 刘嘉玲 余文乐,7 ,https://v.qq.com/x/cover/b40ff7kummjfp7e.html,https://v.qq.com/txp/iframe/player.html?vid=w0022h0g5ep
64,//puui.qpic.cn/vcover_vt_pic/0/piegqd6mz97tr8b1559743696/220,动作,机械师,主演：杰森・斯坦森 本・福斯特 托尼・戈德温 唐纳德・萨瑟兰 杰夫・蔡斯,8.4 ,https://v.qq.com/x/cover/piegqd6mz97tr8b.html,https://v.qq.com/txp/iframe/player.html?vid=i00227leh0g
65,//puui.qpic.cn/vcover_vt_pic/0/q8xwiu8yyxahzz8t1453946418.jpg/220,动作,功夫熊猫3,主演：杰克・布莱克 詹姆斯・洪 安吉丽娜・朱莉 塞斯・罗根,8.8 ,https://v.qq.com/x/cover/q8xwiu8yyxahzz8.html,https://v.qq.com/txp/iframe/player.html?vid=b00204e4jsv
66,//puui.qpic.cn/vcover_vt_pic/0/5lmuabxmb5jf1fl1566973938/220,动作,云南虫谷,主演：蔡珩 顾璇 于恒 成泰 马浴柯 陈雨锶,6.5 ,https://v.qq.com/x/cover/5lmuabxmb5jf1fl.html,https://v.qq.com/txp/iframe/player.html?vid=k0029ubkfv0
67,//puui.qpic.cn/vcover_vt_pic/0/hu9th0blgco6c891481622249/220,动作,金陵十三钗,主演：克里斯蒂安・贝尔 佟大为 聂远 窦骁 渡部笃郎 黄海波,8.9 ,https://v.qq.com/x/cover/hu9th0blgco6c89.html,https://v.qq.com/txp/iframe/player.html?vid=h0034diznzc
68,//puui.qpic.cn/vcover_vt_pic/0/jbz487z0v6b23gm1556006589/220,动作,机械师2：复活,主演：杰森・斯坦森 杰西卡・阿尔芭 汤米・李・琼斯 娜塔莉・伯恩,7.7 ,https://v.qq.com/x/cover/jbz487z0v6b23gm.html,https://v.qq.com/txp/iframe/player.html?vid=g00225t3wk7
69,//puui.qpic.cn/vcover_vt_pic/0/j22edv0k6xtn65p1567580929/220,动作,毒战,主演：孙红雷 古天乐 黄奕,8.6 ,https://v.qq.com/x/cover/j22edv0k6xtn65p.html,https://v.qq.com/txp/iframe/player.html?vid=u0012k5fks6
70,//puui.qpic.cn/vcover_vt_pic/0/skl46pqqu1e7bmx1567406424/220,动作,僵尸,主演：钱小豪 陈友 惠英红 楼南光 鲍起静 吴耀汉,8.8 ,https://v.qq.com/x/cover/skl46pqqu1e7bmx.html,https://v.qq.com/txp/iframe/player.html?vid=b0021iwtlcp
71,//puui.qpic.cn/vcover_vt_pic/0/tbs8gg4bepxyp2yt1444993966.jpg/220,动作,敢死队3,主演：西尔维斯特・史泰龙 杰森・斯坦森 梅尔・吉布森 李连杰 安东尼奥・班德拉斯 韦斯利・斯奈普斯 杜夫・龙格尔,8.2 ,https://v.qq.com/x/cover/tbs8gg4bepxyp2y.html,https://v.qq.com/txp/iframe/player.html?vid=h00159i09m4
72,//puui.qpic.cn/vcover_vt_pic/0/3xk72twalaqaku01574761643/220,动作,鬼吹灯之寻龙诀,主演：陈坤 黄渤 舒淇 Angelababy 夏雨,8.6 ,https://v.qq.com/x/cover/3xk72twalaqaku0.html,https://v.qq.com/txp/iframe/player.html?vid=n0019nf7q8j
73,//puui.qpic.cn/vcover_vt_pic/0/fvqtezz7d8l98ly1566972978/220,动作,封神传奇,主演：李连杰 范冰冰 黄晓明 古天乐,6.6 ,https://v.qq.com/x/cover/fvqtezz7d8l98ly.html,https://v.qq.com/txp/iframe/player.html?vid=r00213z4sml
74,//puui.qpic.cn/vcover_vt_pic/0/cgeg2g3t7b8gm6l1481535277/220,动作,西游・伏妖篇,主演：吴亦凡 林更新 姚晨 王丽坤 林允,7.6 ,https://v.qq.com/x/cover/cgeg2g3t7b8gm6l.html,https://v.qq.com/txp/iframe/player.html?vid=r0023o66yh6
75,//puui.qpic.cn/vcover_vt_pic/0/380idj4s3fxn1mz1543994759/220,动作,钢铁飞龙之奥特曼崛起,小正太与奥特曼携手拯救地球,6.5 ,https://v.qq.com/x/cover/380idj4s3fxn1mz.html,https://v.qq.com/txp/iframe/player.html?vid=y003057wcgc
76,//puui.qpic.cn/vcover_vt_pic/0/d29dakv9k1xy9p9t1474957822.jpg/220,动作,使徒行者,主演：张家辉 古天乐 吴镇宇 佘诗曼,8.2 ,https://v.qq.com/x/cover/d29dakv9k1xy9p9.html,https://v.qq.com/txp/iframe/player.html?vid=s00218fstio
77,//puui.qpic.cn/vcover_vt_pic/0/pbjxhj5m3a4sd3d1554782481/220,动作,猎鹰突起,主演：迈克尔・加・怀特 尼尔・麦克唐纳 拉蒂夫・克劳德 Daniel Cardona,7.6 ,https://v.qq.com/x/cover/pbjxhj5m3a4sd3d.html,https://v.qq.com/txp/iframe/player.html?vid=g00159hpzn5
78,//puui.qpic.cn/vcover_vt_pic/0/3o56brnhunm5bwxt1444824302.jpg/220,动作,西游记之大圣归来,大圣脱胎换骨惊艳四方,9 ,https://v.qq.com/x/cover/3o56brnhunm5bwx.html,https://v.qq.com/txp/iframe/player.html?vid=x0018dcg7rm
79,//puui.qpic.cn/vcover_vt_pic/0/61o608thop3ozt81559740573/220,动作,新少林寺,主演：刘德华 谢霆锋 成龙 范冰冰,7.8 ,https://v.qq.com/x/cover/61o608thop3ozt8.html,https://v.qq.com/txp/iframe/player.html?vid=8wvgyFD3RpP
80,//puui.qpic.cn/vcover_vt_pic/0/tyxha27sasikn8ct1445000907.jpg/220,动作,扫毒,主演：古天乐 刘青云 张家辉,8.5 ,https://v.qq.com/x/cover/tyxha27sasikn8c.html,https://v.qq.com/txp/iframe/player.html?vid=q0013n53zlo
81,//puui.qpic.cn/vcover_vt_pic/0/f7pqur8uhmzltps1559809738/220,动作,环太平洋：雷霆再起,主演：约翰・博耶加 斯科特・伊斯特伍德 卡莉・史派妮 景甜,7.6 ,https://v.qq.com/x/cover/f7pqur8uhmzltps.html,https://v.qq.com/txp/iframe/player.html?vid=o0026dn1s6q
82,//puui.qpic.cn/vcover_vt_pic/0/r3m3bpm2cyjpf1e1567586633/220,动作,英雄本色,主演：狄龙 张国荣 周润发 李子雄,9.2 ,https://v.qq.com/x/cover/r3m3bpm2cyjpf1e.html,https://v.qq.com/txp/iframe/player.html?vid=J0010Jx6aIW
83,//puui.qpic.cn/vcover_vt_pic/0/uuv2z9lhi1akhjq1554259139/220,动作,智取威虎山,主演：张涵予 林更新 佟丽娅 韩庚 余男 梁家辉 陈晓,8.7 ,https://v.qq.com/x/cover/uuv2z9lhi1akhjq.html,https://v.qq.com/txp/iframe/player.html?vid=f0015ww3hs8
84,//puui.qpic.cn/vcover_vt_pic/0/4ins96adw2a5rfv1567562656/220,动作,精英部队2：大敌当前,主演：瓦格纳・马拉 安德烈・拉米罗 米尔黑・考塔兹 玛利亚・瑞贝罗 伊兰迪尔・桑托斯,9.2 ,https://v.qq.com/x/cover/4ins96adw2a5rfv.html,https://v.qq.com/txp/iframe/player.html?vid=d0028novww9
85,//puui.qpic.cn/vcover_vt_pic/0/q4enmfhbv50hqnc1568019614/220,动作,王牌保镖,主演：塞缪尔・杰克逊 加里・奥德曼 萨尔玛・海耶克 艾洛蒂・袁 瑞恩・雷诺兹,8.4 ,https://v.qq.com/x/cover/q4enmfhbv50hqnc.html,https://v.qq.com/txp/iframe/player.html?vid=q00241tjkny
86,//puui.qpic.cn/vcover_vt_pic/0/wtr1lrmk9w72j6x1555916464/220,动作,巴霍巴利王：开端,主演：帕拉巴斯 拉纳・达格巴提 安努舒卡・谢蒂 特曼娜・芭蒂亚,8.5 ,https://v.qq.com/x/cover/wtr1lrmk9w72j6x.html,https://v.qq.com/txp/iframe/player.html?vid=y0021n00kgf
87,//puui.qpic.cn/vcover_vt_pic/0/gothgwl98bmq6es1591257863006/220,动作,帕克,主演：杰森・斯坦森 詹妮弗・洛佩兹 尼克・诺特 麦克・切克里斯 小克利夫顿・克林斯,8.1 ,https://v.qq.com/x/cover/gothgwl98bmq6es.html,https://v.qq.com/txp/iframe/player.html?vid=x0033rwuqhg
88,//puui.qpic.cn/vcover_vt_pic/0/r6ri9qkcu66dna81559137861/220,动作,狄仁杰之四大天王,主演：赵又廷 冯绍峰 林更新 刘嘉玲 马思纯 阮经天,7.9 ,https://v.qq.com/x/cover/r6ri9qkcu66dna8.html,https://v.qq.com/txp/iframe/player.html?vid=x0027oqrq20
89,//puui.qpic.cn/vcover_vt_pic/0/uecexs5vdqcsfkft1444903065.jpg/220,动作,夺帅,主演：任达华 吴京 恬妞 李修贤 洪金宝,7.9 ,https://v.qq.com/x/cover/uecexs5vdqcsfkf.html,https://v.qq.com/txp/iframe/player.html?vid=v0023g279po
90,//puui.qpic.cn/vcover_vt_pic/0/xg95sxi4q7zc4uot1460107848.jpg/220,爱情,美人鱼,主演：邓超 罗志祥 张雨绮 林允,8.3 ,https://v.qq.com/x/cover/xg95sxi4q7zc4uo.html,https://v.qq.com/txp/iframe/player.html?vid=u0020m5jr73
91,//puui.qpic.cn/vcover_vt_pic/0/ge1vg9evjfeb6l01568013388/220,爱情,夏洛特烦恼,主演：沈腾 马丽 尹正 王智 艾伦 田雨 宋阳,8.7 ,https://v.qq.com/x/cover/ge1vg9evjfeb6l0.html,https://v.qq.com/txp/iframe/player.html?vid=u0019esirxq
92,//puui.qpic.cn/vcover_vt_pic/0/7hg5nr3x10ingpj1564383305/220,爱情,三生三世十里桃花,主演：刘亦菲 杨洋 罗晋 严屹宽,6.9 ,https://v.qq.com/x/cover/7hg5nr3x10ingpj.html,https://v.qq.com/txp/iframe/player.html?vid=a0024e92mp5
93,//puui.qpic.cn/vcover_vt_pic/0/ii4644hvs8zijia1538297456/220,爱情,母语,主演：秦岚 方中信 汪裴,8.2 ,https://v.qq.com/x/cover/ii4644hvs8zijia.html,https://v.qq.com/txp/iframe/player.html?vid=x0011xmpneg
94,//puui.qpic.cn/vcover_vt_pic/0/akd59nfvoavdt751502332702/220,爱情,原谅他77次,主演：蔡卓妍 周柏豪 钟欣潼 卫诗雅,8.1 ,https://v.qq.com/x/cover/akd59nfvoavdt75.html,https://v.qq.com/txp/iframe/player.html?vid=e00248gc4eq
95,//puui.qpic.cn/vcover_vt_pic/0/jpjl78i91mx05bu1509087554/220,爱情,羞羞的铁拳,主演：艾伦 马丽 沈腾 宋阳 田雨,8.3 ,https://v.qq.com/x/cover/jpjl78i91mx05bu.html,https://v.qq.com/txp/iframe/player.html?vid=m0025mcvah8
96,//puui.qpic.cn/vcover_vt_pic/0/o2v24no985ntwdo1559739870/220,爱情,宫锁沉香,主演：周冬雨 陈晓 赵丽颖 朱梓骁 包贝尔,7.3 ,https://v.qq.com/x/cover/o2v24no985ntwdo.html,https://v.qq.com/txp/iframe/player.html?vid=n0025ppl6rn
97,//puui.qpic.cn/vcover_vt_pic/0/kep6vp3yaheymko1567406134/220,爱情,一吻定情,主演：王大陆 林允 陈柏融 蔡思韵 邰智源,7.2 ,https://v.qq.com/x/cover/kep6vp3yaheymko.html,https://v.qq.com/txp/iframe/player.html?vid=g0030phbcgi
98,//puui.qpic.cn/vcover_vt_pic/0/gz9q7kd8wviwkxv1575449502/220,爱情,你的名字。,新海诚口碑票房双爆神作,9.1 ,https://v.qq.com/x/cover/gz9q7kd8wviwkxv.html,https://v.qq.com/txp/iframe/player.html?vid=m0024nvac3j
99,//puui.qpic.cn/vcover_vt_pic/0/gothgwl98bmq6es1591257863006/220,爱情,帕克,主演：杰森・斯坦森 詹妮弗・洛佩兹 尼克・诺特 麦克・切克里斯 小克利夫顿・克林斯,8.1 ,https://v.qq.com/x/cover/gothgwl98bmq6es.html,https://v.qq.com/txp/iframe/player.html?vid=x0033rwuqhg
100,//puui.qpic.cn/vcover_vt_pic/0/bok67qa8snhlg0b1569581891/220,爱情,比悲伤更悲伤的故事,主演：陈意涵 刘以豪 张书豪 陈庭妮 吴映洁,7.2 ,https://v.qq.com/x/cover/bok67qa8snhlg0b.html,https://v.qq.com/txp/iframe/player.html?vid=w0030lpmj43
101,//puui.qpic.cn/vcover_vt_pic/0/4myi5m71d14pdmr1541657729/220,爱情,悲伤逆流成河,主演：赵英博 任敏 辛云来 章若楠 朱丹妮,7.8 ,https://v.qq.com/x/cover/4myi5m71d14pdmr.html,https://v.qq.com/txp/iframe/player.html?vid=c00287rxsd1
102,//puui.qpic.cn/vcover_vt_pic/0/jnerh30ho8ghhe71556009213/220,爱情,港,主演：徐峥 赵薇 包贝尔 杜鹃,7.7 ,https://v.qq.com/x/cover/jnerh30ho8ghhe7.html,https://v.qq.com/txp/iframe/player.html?vid=j00196h3mlo
103,//puui.qpic.cn/vcover_vt_pic/0/h05z5bsjxw544er1575449796/220,爱情,前任3：再见前任,主演：韩庚 郑恺 于文文 曾梦雪 罗米,7.6 ,https://v.qq.com/x/cover/h05z5bsjxw544er.html,https://v.qq.com/txp/iframe/player.html?vid=w00265x48dj
104,//puui.qpic.cn/vcover_vt_pic/0/rtxppsa2dqxd6ok1567664933/220,爱情,擦枪走火,主演：喻恩泰 倪虹洁 李锐,7 ,https://v.qq.com/x/cover/rtxppsa2dqxd6ok.html,https://v.qq.com/txp/iframe/player.html?vid=z0019zvhrji
105,//puui.qpic.cn/vcover_vt_pic/0/uxcy3k044fczp2jt1450859412.jpg/220,爱情,恶棍天使,主演：邓超 孙俪 代乐乐 梁超 杨新鸣,6.9 ,https://v.qq.com/x/cover/uxcy3k044fczp2j.html,https://v.qq.com/txp/iframe/player.html?vid=o0019h6qllq
106,//puui.qpic.cn/vcover_vt_pic/0/db2e4g0eyqrenbnt1444814452.jpg/220,爱情,第三种爱情,主演：刘亦菲 宋承宪 欧弟 江语晨,7.4 ,https://v.qq.com/x/cover/db2e4g0eyqrenbn.html,https://v.qq.com/txp/iframe/player.html?vid=a0018b07ptf
107,//puui.qpic.cn/vcover_vt_pic/0/g6x5mmrcdgl0n3x1517382423/220,爱情,妖猫传,主演：黄轩 染谷将太 张雨绮 秦昊 张榕容 刘昊然 欧豪 张鲁一 阿部宽,8.3 ,https://v.qq.com/x/cover/g6x5mmrcdgl0n3x.html,https://v.qq.com/txp/iframe/player.html?vid=b0025s0ph00
108,//puui.qpic.cn/vcover_vt_pic/0/deyzhnzo65ik79t1572019753/220,爱情,我们的父辈,主演：汤姆・希林 沃尔克・布鲁赫 卡塔琳娜・舒特勒 米里亚姆・斯坦因,9.6 ,https://v.qq.com/x/cover/deyzhnzo65ik79t.html,https://v.qq.com/txp/iframe/player.html?vid=g0031q42ojp
109,//puui.qpic.cn/vcover_vt_pic/0/hrr3qneqbo22q061480583000/220,爱情,从你的全世界路过,主演：邓超 白百何 杨洋 张天爱 岳云鹏 杜鹃 柳岩,7.4 ,https://v.qq.com/x/cover/hrr3qneqbo22q06.html,https://v.qq.com/txp/iframe/player.html?vid=o0022hmagay
110,//puui.qpic.cn/vcover_vt_pic/0/j3czmhisqin799r1560343274/220,爱情,霸王别姬,主演：张国荣 张丰毅 巩俐 葛优,9.6 ,https://v.qq.com/x/cover/j3czmhisqin799r.html,https://v.qq.com/txp/iframe/player.html?vid=z002615k57t
111,//puui.qpic.cn/vcover_vt_pic/0/w7637daebm170b8t1444921200.jpg/220,爱情,一夜未了情,主演：李小冉 方中信 周海媚,7.4 ,https://v.qq.com/x/cover/w7637daebm170b8.html,https://v.qq.com/txp/iframe/player.html?vid=x0015nk3zhs
112,//puui.qpic.cn/vcover_vt_pic/0/svetu681um6g6aft1444989054.jpg/220,爱情,北京爱情故事,主演：陈思诚 佟丽娅 梁家辉 刘嘉玲 王学兵 余男,7.8 ,https://v.qq.com/x/cover/svetu681um6g6af.html,https://v.qq.com/txp/iframe/player.html?vid=u0014lbkj2k
113,//puui.qpic.cn/vcover_vt_pic/0/detoxkgs5zsqjhr1555643508/220,爱情,莫斯科陷落,主演：伊琳娜・斯达森保姆 林奈・穆罕默托夫 亚历山大・佩特罗夫,7.2 ,https://v.qq.com/x/cover/detoxkgs5zsqjhr.html,https://v.qq.com/txp/iframe/player.html?vid=b0026dwvo8l
114,//puui.qpic.cn/vcover_vt_pic/0/q8742fxhp6pj7zvt1473751828.jpg/220,爱情,七月与安生,主演：周冬雨 马思纯 李程彬,8.6 ,https://v.qq.com/x/cover/q8742fxhp6pj7zv.html,https://v.qq.com/txp/iframe/player.html?vid=f0022mh8cz3
115,//puui.qpic.cn/vcover_vt_pic/0/7pllgr9s2higz2y1567478017/220,爱情,谁的青春不迷茫,主演：白敬亭 丁冠森 王鹤润 李宏毅 郭姝彤,8.1 ,https://v.qq.com/x/cover/7pllgr9s2higz2y.html,https://v.qq.com/txp/iframe/player.html?vid=f0020nkb6vq
116,//puui.qpic.cn/vcover_vt_pic/0/b2qfhj1zc5yabsr1505373958/220,爱情,一呼一吸,主演：安德鲁・加菲尔德 米兰达・莱森 休・博内威利 爱德华・斯派勒斯,8.6 ,https://v.qq.com/x/cover/b2qfhj1zc5yabsr.html,https://v.qq.com/txp/iframe/player.html?vid=x0027grupzl
117,//puui.qpic.cn/vcover_vt_pic/0/qo7mn90hicdpuhx1568114355/220,爱情,倩女幽魂2：人间道,主演：张国荣 王祖贤 张学友 午马 李子雄,8.7 ,https://v.qq.com/x/cover/qo7mn90hicdpuhx.html,https://v.qq.com/txp/iframe/player.html?vid=o0019j21k8b
118,//puui.qpic.cn/vcover_vt_pic/0/uxq7ncq80rf65k51556010433/220,爱情,万物生长,主演：范冰冰 韩庚 齐溪,7.6 ,https://v.qq.com/x/cover/uxq7ncq80rf65k5.html,https://v.qq.com/txp/iframe/player.html?vid=h0016tbbiyk
119,//puui.qpic.cn/vcover_vt_pic/0/ewh18dn62hvddln1490692208/220,爱情,昼颜,主演：上户彩 斋藤工 伊藤步 平山浩行,8 ,https://v.qq.com/x/cover/ewh18dn62hvddln.html,https://v.qq.com/txp/iframe/player.html?vid=n0026yd1zko
120,//puui.qpic.cn/vcover_vt_pic/0/piegqd6mz97tr8b1559743696/220,惊悚,机械师,主演：杰森・斯坦森 本・福斯特 托尼・戈德温 唐纳德・萨瑟兰 杰夫・蔡斯,8.4 ,https://v.qq.com/x/cover/piegqd6mz97tr8b.html,https://v.qq.com/txp/iframe/player.html?vid=i00227leh0g
121,//puui.qpic.cn/vcover_vt_pic/0/jbz487z0v6b23gm1556006589/220,惊悚,机械师2：复活,主演：杰森・斯坦森 杰西卡・阿尔芭 汤米・李・琼斯 娜塔莉・伯恩,7.7 ,https://v.qq.com/x/cover/jbz487z0v6b23gm.html,https://v.qq.com/txp/iframe/player.html?vid=g00225t3wk7
122,//puui.qpic.cn/vcover_vt_pic/0/tbs8gg4bepxyp2yt1444993966.jpg/220,惊悚,敢死队3,主演：西尔维斯特・史泰龙 杰森・斯坦森 梅尔・吉布森 李连杰 安东尼奥・班德拉斯 韦斯利・斯奈普斯 杜夫・龙格尔,8.2 ,https://v.qq.com/x/cover/tbs8gg4bepxyp2y.html,https://v.qq.com/txp/iframe/player.html?vid=h00159i09m4
123,//puui.qpic.cn/vcover_vt_pic/0/r3m3bpm2cyjpf1e1567586633/220,惊悚,英雄本色,主演：狄龙 张国荣 周润发 李子雄,9.2 ,https://v.qq.com/x/cover/r3m3bpm2cyjpf1e.html,https://v.qq.com/txp/iframe/player.html?vid=J0010Jx6aIW
124,//puui.qpic.cn/vcover_vt_pic/0/4ins96adw2a5rfv1567562656/220,惊悚,精英部队2：大敌当前,主演：瓦格纳・马拉 安德烈・拉米罗 米尔黑・考塔兹 玛利亚・瑞贝罗 伊兰迪尔・桑托斯,9.2 ,https://v.qq.com/x/cover/4ins96adw2a5rfv.html,https://v.qq.com/txp/iframe/player.html?vid=d0028novww9
125,//puui.qpic.cn/vcover_vt_pic/0/gothgwl98bmq6es1591257863006/220,惊悚,帕克,主演：杰森・斯坦森 詹妮弗・洛佩兹 尼克・诺特 麦克・切克里斯 小克利夫顿・克林斯,8.1 ,https://v.qq.com/x/cover/gothgwl98bmq6es.html,https://v.qq.com/txp/iframe/player.html?vid=x0033rwuqhg
126,//puui.qpic.cn/vcover_vt_pic/0/gpcfwzyrfzyalj71479429773/220,惊悚,名侦探柯南：纯黑的噩梦,柯南对战双面间谍,8 ,https://v.qq.com/x/cover/gpcfwzyrfzyalj7.html,https://v.qq.com/txp/iframe/player.html?vid=p00222q0ang
127,//puui.qpic.cn/vcover_vt_pic/0/b8crygm78szw09j1581306128/220,惊悚,杀戮部队,主演：亚历山大・斯卡斯加德 纳特・沃尔夫 乔纳森・怀特赛尔 奥赛・伊克希尔 罗伯・莫洛,7.5 ,https://v.qq.com/x/cover/b8crygm78szw09j.html,https://v.qq.com/txp/iframe/player.html?vid=g0033mrb5id
128,//puui.qpic.cn/vcover_vt_pic/0/0k89cbc5x5j5q4o1572321059/220,惊悚,超体,主演：斯嘉丽・约翰逊 摩根・弗里曼 崔岷植 阿马尔・维克德 朱利安・林希德-图特,8.4 ,https://v.qq.com/x/cover/0k89cbc5x5j5q4o.html,https://v.qq.com/txp/iframe/player.html?vid=x0015fmv2lg
129,//puui.qpic.cn/vcover_vt_pic/0/94yu6g0kp8dfsakt1444769797.jpg/220,惊悚,暗杀,主演：全智贤 李政宰 河正宇 吴达洙,8.8 ,https://v.qq.com/x/cover/94yu6g0kp8dfsak.html,https://v.qq.com/txp/iframe/player.html?vid=y00191suhfo
130,//puui.qpic.cn/vcover_vt_pic/0/yzesr60ck1wpsamt1444950143.jpg/220,惊悚,海云台,主演：河智苑 薛景求 严正花 朴重勋 李民基,8.1 ,https://v.qq.com/x/cover/yzesr60ck1wpsam.html,https://v.qq.com/txp/iframe/player.html?vid=b0025fd9m43
131,//puui.qpic.cn/vcover_vt_pic/0/qxlltzyvac8womx1558341263/220,惊悚,午夜怪谈,主演：张驰 王子清 梁国荣 张公乐,7.5 ,https://v.qq.com/x/cover/qxlltzyvac8womx.html,https://v.qq.com/txp/iframe/player.html?vid=g0031fjs9g6
132,//puui.qpic.cn/vcover_vt_pic/0/do8jr85z25fsq2v1555050104/220,惊悚,笔仙2,主演：朴韩星 辛芷蕾 李昕岳 章婷婷 张皓然,6.8 ,https://v.qq.com/x/cover/do8jr85z25fsq2v.html,https://v.qq.com/txp/iframe/player.html?vid=y0013evqyo4
133,//puui.qpic.cn/vcover_vt_pic/0/wibxstawq9z6vrm1591927743524/220,惊悚,阴魔大法,主演：周德华 庄雪梅,7.5 ,https://v.qq.com/x/cover/wibxstawq9z6vrm.html,https://v.qq.com/txp/iframe/player.html?vid=o0033n5787u
134,//puui.qpic.cn/vcover_vt_pic/0/j57h9togqxn42o11485248999/220,惊悚,少林杀手：血钱,主演：刘家辉,6.4 ,https://v.qq.com/x/cover/j57h9togqxn42o1.html,https://v.qq.com/txp/iframe/player.html?vid=f0015tu47ph
135,//puui.qpic.cn/vcover_vt_pic/0/120m3xjxyr69vlz1568018195/220,惊悚,调音师,主演：阿尤斯曼・库拉纳 塔布 拉迪卡・艾普特 安尔・德霍万 马纳夫・维吉,8.9 ,https://v.qq.com/x/cover/120m3xjxyr69vlz.html,https://v.qq.com/txp/iframe/player.html?vid=w0030ma4dhv
136,//puui.qpic.cn/vcover_vt_pic/0/36t1wi1qri4h2ej1520417151/220,惊悚,夺命五头鲨,主演：克里斯・布鲁诺,6.3 ,https://v.qq.com/x/cover/36t1wi1qri4h2ej.html,https://v.qq.com/txp/iframe/player.html?vid=y00309aq7o8
137,//puui.qpic.cn/vcover_vt_pic/0/f8ejv64we75vxyy1554346540/220,惊悚,笔仙惊魂3,主演：余心恬 郭艳 郭鑫 郎鹏 付曼,6.4 ,https://v.qq.com/x/cover/f8ejv64we75vxyy.html,https://v.qq.com/txp/iframe/player.html?vid=d0014yvwz29
138,//puui.qpic.cn/vcover_vt_pic/0/fso13awdovomt9s1575259297/220,惊悚,喋血街头,主演：梁朝伟 张学友 李子雄,8.9 ,https://v.qq.com/x/cover/fso13awdovomt9s.html,https://v.qq.com/txp/iframe/player.html?vid=81W3X7VMLrN
139,//puui.qpic.cn/vcover_vt_pic/0/nc1917aomu4ev6n1573093194/220,惊悚,画皮2,主演：周迅 赵薇 陈坤 杨幂 冯绍峰 费翔,7.8 ,https://v.qq.com/x/cover/nc1917aomu4ev6n.html,https://v.qq.com/txp/iframe/player.html?vid=g001159oivi
140,//puui.qpic.cn/vcover_vt_pic/0/fqc9exx7n20bjujt1445501942.jpg/220,惊悚,千钧一发,主演：伊桑・霍克 乌玛・瑟曼 裘德・洛,9.1 ,https://v.qq.com/x/cover/fqc9exx7n20bjuj.html,https://v.qq.com/txp/iframe/player.html?vid=t0018qcoesr
141,//puui.qpic.cn/vcover_vt_pic/0/khq9ztcewv9uvtot1444900402.jpg/220,惊悚,杀手乔,主演：马修・麦康纳 朱诺・坦普尔,8 ,https://v.qq.com/x/cover/khq9ztcewv9uvto.html,https://v.qq.com/txp/iframe/player.html?vid=n0014ok25wt
142,//puui.qpic.cn/vcover_vt_pic/0/unn8sf1jn6vu0z01480416707/220,惊悚,无处可逃,主演：欧文・威尔逊 皮尔斯・布鲁斯南 蕾克・贝尔 斯特林・杰里斯,8.4 ,https://v.qq.com/x/cover/unn8sf1jn6vu0z0.html,https://v.qq.com/txp/iframe/player.html?vid=s0022360fnr
143,//puui.qpic.cn/vcover_vt_pic/0/38os8oe8p8yln471526883912/220,惊悚,窃听风云3,主演：古天乐 刘青云 吴彦祖 周迅 黄磊,7.9 ,https://v.qq.com/x/cover/38os8oe8p8yln47.html,https://v.qq.com/txp/iframe/player.html?vid=g00143t9m4x
144,//puui.qpic.cn/vcover_vt_pic/0/b174hdefnhjonyl1527152838/220,惊悚,鼠疫屠城,主演：Ralph Herforth Anne Cathrin Buhtz 克里斯蒂安・卡赫曼,7.6 ,https://v.qq.com/x/cover/b174hdefnhjonyl.html,https://v.qq.com/txp/iframe/player.html?vid=g00251nb56h
145,//puui.qpic.cn/vcover_vt_pic/0/mzc00200pe5oz3i1573098674/220,惊悚,骨瓷,主演：周海媚 林伟 陈奕龙 王婉中 王佑硕,7.5 ,https://v.qq.com/x/cover/mzc00200pe5oz3i.html,https://v.qq.com/txp/iframe/player.html?vid=f0033e0ak6a
146,//puui.qpic.cn/vcover_vt_pic/0/35r9iipbocb9oy51557107827/220,惊悚,虎胆追凶,主演：布鲁斯・威利斯 文森特・多诺费奥 伊丽莎白・苏 迪恩・诺里斯 博・纳普,8 ,https://v.qq.com/x/cover/35r9iipbocb9oy5.html,https://v.qq.com/txp/iframe/player.html?vid=t0028buice5
147,//puui.qpic.cn/vcover_vt_pic/0/n4xhplgihbrfmm21594617272974/220,惊悚,夺命枪火,主演：保罗・沃克 卡梅隆・布莱特 维拉・法米加 查兹・帕尔明特瑞 卡瑞尔・罗登,8.6 ,https://v.qq.com/x/cover/n4xhplgihbrfmm2.html,https://v.qq.com/txp/iframe/player.html?vid=i0034hxrhwx
148,//puui.qpic.cn/vcover_vt_pic/0/grivl02atn6p2vot1460700017.jpg/220,惊悚,谜域之噬魂岭,主演：李果 闫鹿杨 庄森,6 ,https://v.qq.com/x/cover/grivl02atn6p2vo.html,https://v.qq.com/txp/iframe/player.html?vid=z0024mg0skw
149,//puui.qpic.cn/vcover_vt_pic/0/rj3s7tl7aio1dvf1522117679/220,惊悚,聊斋新编之画皮新娘,主演：丁汇宇 殷果儿 徐千京 刘小奇,6.2 ,https://v.qq.com/x/cover/rj3s7tl7aio1dvf.html,https://v.qq.com/txp/iframe/player.html?vid=u0022q3rwmw
150,//puui.qpic.cn/vcover_vt_pic/0/pv1noxn2wtgzasht1444957124.jpg/220,犯罪,赤道,主演：张家辉 张学友 张震 王学圻 池珍熙 崔始源 余文乐 文咏珊,8 ,https://v.qq.com/x/cover/pv1noxn2wtgzash.html,https://v.qq.com/txp/iframe/player.html?vid=q00168qh74n
151,//puui.qpic.cn/vcover_vt_pic/0/xyaud3hk6mmi6ss1513156112/220,犯罪,追龙,主演：甄子丹 刘德华 郑则仕 姜皓文 刘浩龙,8.5 ,https://v.qq.com/x/cover/xyaud3hk6mmi6ss.html,https://v.qq.com/txp/iframe/player.html?vid=i0025s06fdc
152,//puui.qpic.cn/vcover_vt_pic/0/piegqd6mz97tr8b1559743696/220,犯罪,机械师,主演：杰森・斯坦森 本・福斯特 托尼・戈德温 唐纳德・萨瑟兰 杰夫・蔡斯,8.4 ,https://v.qq.com/x/cover/piegqd6mz97tr8b.html,https://v.qq.com/txp/iframe/player.html?vid=i00227leh0g
153,//puui.qpic.cn/vcover_vt_pic/0/jbz487z0v6b23gm1556006589/220,犯罪,机械师2：复活,主演：杰森・斯坦森 杰西卡・阿尔芭 汤米・李・琼斯 娜塔莉・伯恩,7.7 ,https://v.qq.com/x/cover/jbz487z0v6b23gm.html,https://v.qq.com/txp/iframe/player.html?vid=g00225t3wk7
154,//puui.qpic.cn/vcover_vt_pic/0/j22edv0k6xtn65p1567580929/220,犯罪,毒战,主演：孙红雷 古天乐 黄奕,8.6 ,https://v.qq.com/x/cover/j22edv0k6xtn65p.html,https://v.qq.com/txp/iframe/player.html?vid=u0012k5fks6
155,//puui.qpic.cn/vcover_vt_pic/0/d29dakv9k1xy9p9t1474957822.jpg/220,犯罪,使徒行者,主演：张家辉 古天乐 吴镇宇 佘诗曼,8.2 ,https://v.qq.com/x/cover/d29dakv9k1xy9p9.html,https://v.qq.com/txp/iframe/player.html?vid=s00218fstio
156,//puui.qpic.cn/vcover_vt_pic/0/lcewsuqxacvnvh51551083299/220,犯罪,廉政风云,主演：刘青云 张家辉 林嘉欣 方中信 袁咏仪,8.1 ,https://v.qq.com/x/cover/lcewsuqxacvnvh5.html,https://v.qq.com/txp/iframe/player.html?vid=g0030fz6dww
157,//puui.qpic.cn/vcover_vt_pic/0/tyxha27sasikn8ct1445000907.jpg/220,犯罪,扫毒,主演：古天乐 刘青云 张家辉,8.5 ,https://v.qq.com/x/cover/tyxha27sasikn8c.html,https://v.qq.com/txp/iframe/player.html?vid=q0013n53zlo
158,//puui.qpic.cn/vcover_vt_pic/0/r3m3bpm2cyjpf1e1567586633/220,犯罪,英雄本色,主演：狄龙 张国荣 周润发 李子雄,9.2 ,https://v.qq.com/x/cover/r3m3bpm2cyjpf1e.html,https://v.qq.com/txp/iframe/player.html?vid=J0010Jx6aIW
159,//puui.qpic.cn/vcover_vt_pic/0/4ins96adw2a5rfv1567562656/220,犯罪,精英部队2：大敌当前,主演：瓦格纳・马拉 安德烈・拉米罗 米尔黑・考塔兹 玛利亚・瑞贝罗 伊兰迪尔・桑托斯,9.2 ,https://v.qq.com/x/cover/4ins96adw2a5rfv.html,https://v.qq.com/txp/iframe/player.html?vid=d0028novww9
160,//puui.qpic.cn/vcover_vt_pic/0/gothgwl98bmq6es1591257863006/220,犯罪,帕克,主演：杰森・斯坦森 詹妮弗・洛佩兹 尼克・诺特 麦克・切克里斯 小克利夫顿・克林斯,8.1 ,https://v.qq.com/x/cover/gothgwl98bmq6es.html,https://v.qq.com/txp/iframe/player.html?vid=x0033rwuqhg
161,//puui.qpic.cn/vcover_vt_pic/0/uecexs5vdqcsfkft1444903065.jpg/220,犯罪,夺帅,主演：任达华 吴京 恬妞 李修贤 洪金宝,7.9 ,https://v.qq.com/x/cover/uecexs5vdqcsfkf.html,https://v.qq.com/txp/iframe/player.html?vid=v0023g279po
162,//puui.qpic.cn/vcover_vt_pic/0/hj9nq705tkej1i41539675741/220,犯罪,反贪风暴3,主演：古天乐 张智霖 郑嘉颖 邓丽欣,7.7 ,https://v.qq.com/x/cover/hj9nq705tkej1i4.html,https://v.qq.com/txp/iframe/player.html?vid=g0028jg0zqp
163,//puui.qpic.cn/vcover_vt_pic/0/1dc6xsgwwa0t98c1547433001/220,犯罪,印度暴徒,主演：阿米尔・汗 卡特莉娜・卡芙 阿米特巴・巴强 劳埃德・欧文 法缇玛・萨那・纱卡,7.8 ,https://v.qq.com/x/cover/1dc6xsgwwa0t98c.html,https://v.qq.com/txp/iframe/player.html?vid=b0029davvsn
164,//puui.qpic.cn/vcover_vt_pic/0/5538kzxtphpa6971501578200/220,犯罪,亡命鸳鸯,主演：元彪 夏文汐 秦祥林 陈玉莲,8.2 ,https://v.qq.com/x/cover/5538kzxtphpa697.html,https://v.qq.com/txp/iframe/player.html?vid=w0019k5mc4u
165,//puui.qpic.cn/vcover_vt_pic/0/p23rohsggrrcgdz1576735371/220,犯罪,烈日灼心,主演：邓超 段奕宏 郭涛 王珞丹,8.8 ,https://v.qq.com/x/cover/p23rohsggrrcgdz.html,https://v.qq.com/txp/iframe/player.html?vid=z0018xwaj1r
166,//puui.qpic.cn/vcover_vt_pic/0/xuy45yvwdgajywr1566893332/220,犯罪,小偷家族,主演：中川雅也 安藤樱 松冈茉优 池松壮亮 树木希林 城桧吏,9.2 ,https://v.qq.com/x/cover/xuy45yvwdgajywr.html,https://v.qq.com/txp/iframe/player.html?vid=j0029v5xibz
167,//puui.qpic.cn/vcover_vt_pic/0/aqkavaqwtd34pbr1556000568/220,犯罪,不二神探,主演：文章 李连杰 陈妍希 刘诗诗 柳岩,7.1 ,https://v.qq.com/x/cover/aqkavaqwtd34pbr.html,https://v.qq.com/txp/iframe/player.html?vid=m00131yun0p
168,//puui.qpic.cn/vcover_vt_pic/0/6l0ns16c6rwjyei1574934180/220,犯罪,破・局,主演：郭富城 王千源 刘涛 余皑磊 冯嘉怡,7.9 ,https://v.qq.com/x/cover/6l0ns16c6rwjyei.html,https://v.qq.com/txp/iframe/player.html?vid=w0024mj3vde
169,//puui.qpic.cn/vcover_vt_pic/0/r36jz5w1bn0yia51567404688/220,犯罪,的士速递5,主演：弗兰克・加斯堂彼得 伯纳尔・法西 萨巴纳・奥扎尼 马利克・宾塔哈,7.5 ,https://v.qq.com/x/cover/r36jz5w1bn0yia5.html,https://v.qq.com/txp/iframe/player.html?vid=l0027csnpsb
170,//puui.qpic.cn/vcover_vt_pic/0/2o07jox8czz9k2e1574758400/220,犯罪,解救吾先生,主演：刘德华 刘烨 吴若甫 王千源,8.7 ,https://v.qq.com/x/cover/2o07jox8czz9k2e.html,https://v.qq.com/txp/iframe/player.html?vid=a001954r35j
171,//puui.qpic.cn/vcover_vt_pic/0/94yu6g0kp8dfsakt1444769797.jpg/220,犯罪,暗杀,主演：全智贤 李政宰 河正宇 吴达洙,8.8 ,https://v.qq.com/x/cover/94yu6g0kp8dfsak.html,https://v.qq.com/txp/iframe/player.html?vid=y00191suhfo
172,//puui.qpic.cn/vcover_vt_pic/0/j1t5awma8aen40ut1444885065.jpg/220,犯罪,飞虎,主演：王敏德 梁咏琪 刘松仁,8 ,https://v.qq.com/x/cover/j1t5awma8aen40u.html,https://v.qq.com/txp/iframe/player.html?vid=8tKtT68YQJ3
173,//puui.qpic.cn/vcover_vt_pic/0/mzc00200c1c9t9q1595215269329/220,犯罪,利刃破冰,主演：张子健 王雨甜 柏华力・莫高彼斯彻 沈保平 石兆琪 王艳 孔雀哥哥,7.5 ,https://v.qq.com/x/cover/mzc00200c1c9t9q.html,https://v.qq.com/txp/iframe/player.html?vid=u0034beayn8
174,//puui.qpic.cn/vcover_vt_pic/0/97vk2sla8at2xzj1523502566/220,犯罪,江湖,主演：刘德华 张学友 余文乐 陈冠希 吴倩莲,8.3 ,https://v.qq.com/x/cover/97vk2sla8at2xzj.html,https://v.qq.com/txp/iframe/player.html?vid=v00331fnrkf
175,//puui.qpic.cn/vcover_vt_pic/0/diorbzscv6iur2u1572926887/220,犯罪,天下无贼,主演：刘德华 刘若英 葛优 王宝强 李冰冰,8.7 ,https://v.qq.com/x/cover/diorbzscv6iur2u.html,https://v.qq.com/txp/iframe/player.html?vid=k0014b8x8sp
176,//puui.qpic.cn/vcover_vt_pic/0/a8shst9guwwilpf1567074867/220,犯罪,心理罪,主演：李易峰 廖凡 万茜 李纯 张国柱,7.3 ,https://v.qq.com/x/cover/a8shst9guwwilpf.html,https://v.qq.com/txp/iframe/player.html?vid=j0024ef2cfk
177,//puui.qpic.cn/vcover_vt_pic/0/ga7nei8pd5i9mek1492076058/220,犯罪,拆弹专家,主演：刘德华 姜武 宋佳,8 ,https://v.qq.com/x/cover/ga7nei8pd5i9mek.html,https://v.qq.com/txp/iframe/player.html?vid=p00243nhq86
178,//puui.qpic.cn/vcover_vt_pic/0/120m3xjxyr69vlz1568018195/220,犯罪,调音师,主演：阿尤斯曼・库拉纳 塔布 拉迪卡・艾普特 安尔・德霍万 马纳夫・维吉,8.9 ,https://v.qq.com/x/cover/120m3xjxyr69vlz.html,https://v.qq.com/txp/iframe/player.html?vid=w0030ma4dhv
179,//puui.qpic.cn/vcover_vt_pic/0/ka1q0zhj7988uln1568018825/220,犯罪,解码游戏,主演：韩庚 凤小岳 李媛 山下智久,6.7 ,https://v.qq.com/x/cover/ka1q0zhj7988uln.html,https://v.qq.com/txp/iframe/player.html?vid=g0027dm630b
180,//puui.qpic.cn/vcover_vt_pic/0/pv1noxn2wtgzasht1444957124.jpg/220,悬疑,赤道,主演：张家辉 张学友 张震 王学圻 池珍熙 崔始源 余文乐 文咏珊,8 ,https://v.qq.com/x/cover/pv1noxn2wtgzash.html,https://v.qq.com/txp/iframe/player.html?vid=q00168qh74n
181,//puui.qpic.cn/vcover_vt_pic/0/lcewsuqxacvnvh51551083299/220,悬疑,廉政风云,主演：刘青云 张家辉 林嘉欣 方中信 袁咏仪,8.1 ,https://v.qq.com/x/cover/lcewsuqxacvnvh5.html,https://v.qq.com/txp/iframe/player.html?vid=g0030fz6dww
182,//puui.qpic.cn/vcover_vt_pic/0/tyxha27sasikn8ct1445000907.jpg/220,悬疑,扫毒,主演：古天乐 刘青云 张家辉,8.5 ,https://v.qq.com/x/cover/tyxha27sasikn8c.html,https://v.qq.com/txp/iframe/player.html?vid=q0013n53zlo
183,//puui.qpic.cn/vcover_vt_pic/0/r6ri9qkcu66dna81559137861/220,悬疑,狄仁杰之四大天王,主演：赵又廷 冯绍峰 林更新 刘嘉玲 马思纯 阮经天,7.9 ,https://v.qq.com/x/cover/r6ri9qkcu66dna8.html,https://v.qq.com/txp/iframe/player.html?vid=x0027oqrq20
184,//puui.qpic.cn/vcover_vt_pic/0/8f57gnkxwj5trnq1567409897/220,悬疑,名侦探柯南：零的执行人,推理版“速度与激情”超过瘾,7.8 ,https://v.qq.com/x/cover/8f57gnkxwj5trnq.html,https://v.qq.com/txp/iframe/player.html?vid=q002975ltbs
185,//puui.qpic.cn/vcover_vt_pic/0/gpcfwzyrfzyalj71479429773/220,悬疑,名侦探柯南：纯黑的噩梦,柯南对战双面间谍,8 ,https://v.qq.com/x/cover/gpcfwzyrfzyalj7.html,https://v.qq.com/txp/iframe/player.html?vid=p00222q0ang
186,//puui.qpic.cn/vcover_vt_pic/0/g6x5mmrcdgl0n3x1517382423/220,悬疑,妖猫传,主演：黄轩 染谷将太 张雨绮 秦昊 张榕容 刘昊然 欧豪 张鲁一 阿部宽,8.3 ,https://v.qq.com/x/cover/g6x5mmrcdgl0n3x.html,https://v.qq.com/txp/iframe/player.html?vid=b0025s0ph00
187,//puui.qpic.cn/vcover_vt_pic/0/p23rohsggrrcgdz1576735371/220,悬疑,烈日灼心,主演：邓超 段奕宏 郭涛 王珞丹,8.8 ,https://v.qq.com/x/cover/p23rohsggrrcgdz.html,https://v.qq.com/txp/iframe/player.html?vid=z0018xwaj1r
188,//puui.qpic.cn/vcover_vt_pic/0/ica7lvcdvrh5d9y1559132647/220,悬疑,杀生,主演：黄渤 苏有朋 余男 任达华 马精武 梁静 王迅 胡继光,8.7 ,https://v.qq.com/x/cover/ica7lvcdvrh5d9y.html,https://v.qq.com/txp/iframe/player.html?vid=w0010Qb2JqA
189,//puui.qpic.cn/vcover_vt_pic/0/qxlltzyvac8womx1558341263/220,悬疑,午夜怪谈,主演：张驰 王子清 梁国荣 张公乐,7.5 ,https://v.qq.com/x/cover/qxlltzyvac8womx.html,https://v.qq.com/txp/iframe/player.html?vid=g0031fjs9g6
190,//puui.qpic.cn/vcover_vt_pic/0/do8jr85z25fsq2v1555050104/220,悬疑,笔仙2,主演：朴韩星 辛芷蕾 李昕岳 章婷婷 张皓然,6.8 ,https://v.qq.com/x/cover/do8jr85z25fsq2v.html,https://v.qq.com/txp/iframe/player.html?vid=y0013evqyo4
191,//puui.qpic.cn/vcover_vt_pic/0/a8shst9guwwilpf1567074867/220,悬疑,心理罪,主演：李易峰 廖凡 万茜 李纯 张国柱,7.3 ,https://v.qq.com/x/cover/a8shst9guwwilpf.html,https://v.qq.com/txp/iframe/player.html?vid=j0024ef2cfk
192,//puui.qpic.cn/vcover_vt_pic/0/ga7nei8pd5i9mek1492076058/220,悬疑,拆弹专家,主演：刘德华 姜武 宋佳,8 ,https://v.qq.com/x/cover/ga7nei8pd5i9mek.html,https://v.qq.com/txp/iframe/player.html?vid=p00243nhq86
193,//puui.qpic.cn/vcover_vt_pic/0/i8ydarznb71o0q4t1444876588.jpg/220,悬疑,窥情,主演：钟楚红 汤镇业 谷峰 金燕玲,7.4 ,https://v.qq.com/x/cover/i8ydarznb71o0q4.html,https://v.qq.com/txp/iframe/player.html?vid=m0019lz4d2p
194,//puui.qpic.cn/vcover_vt_pic/0/v8vd4y9td09bv4nt1444911534.jpg/220,悬疑,鬼影,主演：阿南达・爱华灵咸 娜特慧兰 Achita Sikamana Unnop Chanpaibool,8.6 ,https://v.qq.com/x/cover/v8vd4y9td09bv4n.html,https://v.qq.com/txp/iframe/player.html?vid=w0010KhTfom
195,//puui.qpic.cn/vcover_vt_pic/0/120m3xjxyr69vlz1568018195/220,悬疑,调音师,主演：阿尤斯曼・库拉纳 塔布 拉迪卡・艾普特 安尔・德霍万 马纳夫・维吉,8.9 ,https://v.qq.com/x/cover/120m3xjxyr69vlz.html,https://v.qq.com/txp/iframe/player.html?vid=w0030ma4dhv
196,//puui.qpic.cn/vcover_vt_pic/0/f8ejv64we75vxyy1554346540/220,悬疑,笔仙惊魂3,主演：余心恬 郭艳 郭鑫 郎鹏 付曼,6.4 ,https://v.qq.com/x/cover/f8ejv64we75vxyy.html,https://v.qq.com/txp/iframe/player.html?vid=d0014yvwz29
197,//puui.qpic.cn/vcover_vt_pic/0/nc1917aomu4ev6n1573093194/220,悬疑,画皮2,主演：周迅 赵薇 陈坤 杨幂 冯绍峰 费翔,7.8 ,https://v.qq.com/x/cover/nc1917aomu4ev6n.html,https://v.qq.com/txp/iframe/player.html?vid=g001159oivi
198,//puui.qpic.cn/vcover_vt_pic/0/asooxhmv9t01hx4t1444787548.jpg/220,悬疑,罪与罚,主演：郭富城 张钧甯 张兆辉 何超仪,8 ,https://v.qq.com/x/cover/asooxhmv9t01hx4.html,https://v.qq.com/txp/iframe/player.html?vid=y0015a36e4l
199,//puui.qpic.cn/vcover_vt_pic/0/38os8oe8p8yln471526883912/220,悬疑,窃听风云3,主演：古天乐 刘青云 吴彦祖 周迅 黄磊,7.9 ,https://v.qq.com/x/cover/38os8oe8p8yln47.html,https://v.qq.com/txp/iframe/player.html?vid=g00143t9m4x
200,//puui.qpic.cn/vcover_vt_pic/0/mzc00200f6xy9ua1576812982/220,悬疑,侠路相逢,主演：姜武 邵兵 姚娆,7.5 ,https://v.qq.com/x/cover/mzc00200f6xy9ua.html,https://v.qq.com/txp/iframe/player.html?vid=d003345cl4c
201,//puui.qpic.cn/vcover_vt_pic/0/g6st31cwph97v9j1575444986/220,悬疑,心理罪之城市之光,主演：邓超 阮经天 刘诗诗 林嘉欣 郭京飞,7.8 ,https://v.qq.com/x/cover/g6st31cwph97v9j.html,https://v.qq.com/txp/iframe/player.html?vid=d0025tlp7k8
202,//puui.qpic.cn/vcover_vt_pic/0/5oy778gc6ua4h701523342795/220,悬疑,全民目击,主演：孙红雷 郭富城 余男 邓家佳,8.7 ,https://v.qq.com/x/cover/5oy778gc6ua4h70.html,https://v.qq.com/txp/iframe/player.html?vid=z0014r9z3ao
203,//puui.qpic.cn/vcover_vt_pic/0/m871wzl4wsan7351567395565/220,悬疑,地球最后的夜晚,主演：汤唯 黄觉 张艾嘉 李鸿其,8.2 ,https://v.qq.com/x/cover/m871wzl4wsan735.html,https://v.qq.com/txp/iframe/player.html?vid=t0029axx8cg
204,//puui.qpic.cn/vcover_vt_pic/0/fw7xjjqqkkypbhh1560258152/220,悬疑,我说的都是真的,主演：刘仪伟 小沈阳 陈意涵,7.2 ,https://v.qq.com/x/cover/fw7xjjqqkkypbhh.html,https://v.qq.com/txp/iframe/player.html?vid=r0026yapwz7
205,//puui.qpic.cn/vcover_vt_pic/0/n4xhplgihbrfmm21594617272974/220,悬疑,夺命枪火,主演：保罗・沃克 卡梅隆・布莱特 维拉・法米加 查兹・帕尔明特瑞 卡瑞尔・罗登,8.6 ,https://v.qq.com/x/cover/n4xhplgihbrfmm2.html,https://v.qq.com/txp/iframe/player.html?vid=i0034hxrhwx
206,//puui.qpic.cn/vcover_vt_pic/0/grivl02atn6p2vot1460700017.jpg/220,悬疑,谜域之噬魂岭,主演：李果 闫鹿杨 庄森,6 ,https://v.qq.com/x/cover/grivl02atn6p2vo.html,https://v.qq.com/txp/iframe/player.html?vid=z0024mg0skw
207,//puui.qpic.cn/vcover_vt_pic/0/25nf6zxerv4j4qm1554782443/220,悬疑,赏金猎人,主演：李敏镐 钟汉良 唐嫣 徐正溪 吴千语 樊少皇,7.3 ,https://v.qq.com/x/cover/25nf6zxerv4j4qm.html,https://v.qq.com/txp/iframe/player.html?vid=c0021x4y3p3
208,//puui.qpic.cn/vcover_vt_pic/0/rrez6h40uwqmiwtt1444977252.jpg/220,悬疑,消失的子弹,主演：谢霆锋 刘青云 杨幂,8 ,https://v.qq.com/x/cover/rrez6h40uwqmiwt.html,https://v.qq.com/txp/iframe/player.html?vid=j0015ncngu4
209,//puui.qpic.cn/vcover_vt_pic/0/4r7lkxlsg3k5scw1548061525/220,悬疑,火车,主演：李善均 金敏喜 赵成夏 宋g昀,8.2 ,https://v.qq.com/x/cover/4r7lkxlsg3k5scw.html,https://v.qq.com/txp/iframe/player.html?vid=x0014idk286
210,//puui.qpic.cn/vcover_vt_pic/0/1bnyfttijufe0cq1567479871/220,战争,战狼,主演：吴京 余男 斯科特・阿特金斯 凯文・李 倪大红,8.3 ,https://v.qq.com/x/cover/1bnyfttijufe0cq.html,https://v.qq.com/txp/iframe/player.html?vid=m0016nwmqws
211,//puui.qpic.cn/vcover_vt_pic/0/hu9th0blgco6c891481622249/220,战争,金陵十三钗,主演：克里斯蒂安・贝尔 佟大为 聂远 窦骁 渡部笃郎 黄海波,8.9 ,https://v.qq.com/x/cover/hu9th0blgco6c89.html,https://v.qq.com/txp/iframe/player.html?vid=h0034diznzc
212,//puui.qpic.cn/vcover_vt_pic/0/phk4s9bkfs8xdn41560248264/220,战争,一九四二,主演：张国立 徐帆 张默 陈道明 李倩 冯远征 李雪健 张涵予 范伟 阿德里安・布洛迪 王子文,8.7 ,https://v.qq.com/x/cover/phk4s9bkfs8xdn4.html,https://v.qq.com/txp/iframe/player.html?vid=r0012fmwaf2
213,//puui.qpic.cn/vcover_vt_pic/0/uuv2z9lhi1akhjq1554259139/220,战争,智取威虎山,主演：张涵予 林更新 佟丽娅 韩庚 余男 梁家辉 陈晓,8.7 ,https://v.qq.com/x/cover/uuv2z9lhi1akhjq.html,https://v.qq.com/txp/iframe/player.html?vid=f0015ww3hs8
214,//puui.qpic.cn/vcover_vt_pic/0/3au50sy4i90heio1574759712/220,战争,天将雄师,主演：成龙 约翰・库萨克 艾德里安・布洛迪 崔始源,7.8 ,https://v.qq.com/x/cover/3au50sy4i90heio.html,https://v.qq.com/txp/iframe/player.html?vid=h00165ph8ar
215,//puui.qpic.cn/vcover_vt_pic/0/20lmr7rqqw8hxo31512031990/220,战争,英雄本色3,主演：周润发 梅艳芳 梁家辉 张可颐 时任三郎,8.5 ,https://v.qq.com/x/cover/20lmr7rqqw8hxo3.html,https://v.qq.com/txp/iframe/player.html?vid=a0017hzacpa
216,//puui.qpic.cn/vcover_vt_pic/0/zww0q1hojoy462g1512981722/220,战争,密战,主演：郭富城 赵丽颖 张翰 任达华 张蓝心,7 ,https://v.qq.com/x/cover/zww0q1hojoy462g.html,https://v.qq.com/txp/iframe/player.html?vid=e00258upjf2
217,//puui.qpic.cn/vcover_vt_pic/0/mzc00200s7a1hw81575950205/220,战争,浴血反击,主演：乌日根 洪琳 武利平 宿宇杰,7.5 ,https://v.qq.com/x/cover/mzc00200s7a1hw8.html,https://v.qq.com/txp/iframe/player.html?vid=w0033bwn7mz
218,//puui.qpic.cn/vcover_vt_pic/0/xmzr8qtc4l5rn55t1444935829.jpg/220,战争,三国之见龙卸甲,主演：刘德华 洪金宝 濮存昕 李美琪 吴建豪 狄龙,7.5 ,https://v.qq.com/x/cover/xmzr8qtc4l5rn55.html,https://v.qq.com/txp/iframe/player.html?vid=8DBAUOTdUcH
219,//puui.qpic.cn/vcover_vt_pic/0/b8crygm78szw09j1581306128/220,战争,杀戮部队,主演：亚历山大・斯卡斯加德 纳特・沃尔夫 乔纳森・怀特赛尔 奥赛・伊克希尔 罗伯・莫洛,7.5 ,https://v.qq.com/x/cover/b8crygm78szw09j.html,https://v.qq.com/txp/iframe/player.html?vid=g0033mrb5id
220,//puui.qpic.cn/vcover_vt_pic/0/tj972pz3acyv9lvt1444996165.jpg/220,战争,辛亥革命,主演：赵文u 成龙 李冰冰 胡歌 孙淳 姜武,8 ,https://v.qq.com/x/cover/tj972pz3acyv9lv.html,https://v.qq.com/txp/iframe/player.html?vid=8vzmkhks4Ct
221,//puui.qpic.cn/vcover_vt_pic/0/jm7ingmp113qaqu1575872680/220,战争,血战钢锯岭,主演：安德鲁・加菲尔德 萨姆・沃辛顿 文斯・沃恩 雨果・维文,9.2 ,https://v.qq.com/x/cover/jm7ingmp113qaqu.html,https://v.qq.com/txp/iframe/player.html?vid=x0022j9y29a
222,//puui.qpic.cn/vcover_vt_pic/0/0s79svkh53jmrga1509421084/220,战争,空天猎,主演：李晨 范冰冰 王千源 李佳航 赵达 李晨浩 郭秤 叶浏 陆思宇 吴秀波 王学圻,7.3 ,https://v.qq.com/x/cover/0s79svkh53jmrga.html,https://v.qq.com/txp/iframe/player.html?vid=a0025roohvm
223,//puui.qpic.cn/vcover_vt_pic/0/7q0341vukxxz30l1550559516/220,战争,地道战,主演：朱龙广 张勇手 刘秀杰 刘江,8.9 ,https://v.qq.com/x/cover/7q0341vukxxz30l.html,https://v.qq.com/txp/iframe/player.html?vid=p0020aayt8v
224,//puui.qpic.cn/vcover_vt_pic/0/3cuzswqra76mzdw1554964025/220,战争,明月几时有,主演：周迅 彭于晏 霍建华 叶德娴 郭涛 黄志忠 蒋雯丽,8.3 ,https://v.qq.com/x/cover/3cuzswqra76mzdw.html,https://v.qq.com/txp/iframe/player.html?vid=o00246zn33q
225,//puui.qpic.cn/vcover_vt_pic/0/g8wkyyyws1zalpjt1444845633.jpg/220,战争,触不可及,主演：孙红雷 桂纶镁 方中信 蒋勤勤 黄磊 徐静蕾 蔡少芬,7.5 ,https://v.qq.com/x/cover/g8wkyyyws1zalpj.html,https://v.qq.com/txp/iframe/player.html?vid=x0025pm8we1
226,//puui.qpic.cn/vcover_vt_pic/0/vxwnzi1ae5v0xqy1555914018/220,战争,中国蓝盔,主演：徐洪浩 一龙 彭士腾 沈浩 王韬 聂远,6.5 ,https://v.qq.com/x/cover/vxwnzi1ae5v0xqy.html,https://v.qq.com/txp/iframe/player.html?vid=z0029rxkixb
227,//puui.qpic.cn/vcover_vt_pic/0/g5geeljm0lgy43ht1444844594.jpg/220,战争,墨攻,主演：刘德华 范冰冰 王志文 安圣基 吴奇隆 崔始源,7.8 ,https://v.qq.com/x/cover/g5geeljm0lgy43h.html,https://v.qq.com/txp/iframe/player.html?vid=t0010ABoc7j
228,//puui.qpic.cn/vcover_vt_pic/0/yxo0zf7mwrhbnh21544762275/220,战争,暗剑,主演：白玫瑰 纪宁 刘惠 黄一飞,7.5 ,https://v.qq.com/x/cover/yxo0zf7mwrhbnh2.html,https://v.qq.com/txp/iframe/player.html?vid=h002922gs35
229,//puui.qpic.cn/vcover_vt_pic/0/mzc00200hx3ps5e1579774854/220,战争,打过长江去,主演：张桐 洪天照 淳于珊珊 王劲松 于越,7.5 ,https://v.qq.com/x/cover/mzc00200hx3ps5e.html,https://v.qq.com/txp/iframe/player.html?vid=b0033rki18h
230,//puui.qpic.cn/vcover_vt_pic/0/9nxwyiexjfxsrxet1464939126.jpg/220,战争,穿越雷区,主演：大卫・艾略特 荣-保罗・贝尔 马克・斯坦利,8.5 ,https://v.qq.com/x/cover/9nxwyiexjfxsrxe.html,https://v.qq.com/txp/iframe/player.html?vid=l0024cjtjyb
231,//puui.qpic.cn/vcover_vt_pic/0/wagzbx91asjomnu1527151117/220,战争,无问西东,主演：章子怡 黄晓明 张震 王力宏 陈楚生,8.5 ,https://v.qq.com/x/cover/wagzbx91asjomnu.html,https://v.qq.com/txp/iframe/player.html?vid=z0026lwsaws
232,//puui.qpic.cn/vcover_vt_pic/0/5z9gtdw6vtgh4s2t1444735949.jpg/220,战争,桥,主演：弗兰卡・波坦特 弗朗索瓦・高斯克,8.1 ,https://v.qq.com/x/cover/5z9gtdw6vtgh4s2.html,https://v.qq.com/txp/iframe/player.html?vid=m00148ah8ou
233,//puui.qpic.cn/vcover_vt_pic/0/1onwoe92et3f83lt1444802953.jpg/220,战争,武士,主演：安圣基 郑雨盛 朱镇模 章子怡 朴勇宇,8.1 ,https://v.qq.com/x/cover/1onwoe92et3f83l.html,https://v.qq.com/txp/iframe/player.html?vid=r0014ez5t4q
234,//puui.qpic.cn/vcover_vt_pic/0/x1mps7bzzd69afh1523246542/220,战争,怒战狂心,主演：阿列克谢・谢列布里亚科夫 维克托・普罗斯库林 谢尔盖・科尔塔科夫,7.5 ,https://v.qq.com/x/cover/x1mps7bzzd69afh.html,https://v.qq.com/txp/iframe/player.html?vid=b00344zioyl
235,//puui.qpic.cn/vcover_vt_pic/0/9ejpp7t2m5aj0jp1591596796588/220,战争,飞虎队,主演：潘长江 李雪健 李幼斌 袁立,8.1 ,https://v.qq.com/x/cover/9ejpp7t2m5aj0jp.html,https://v.qq.com/txp/iframe/player.html?vid=d0033xzosge
236,//puui.qpic.cn/vcover_vt_pic/0/125dfl7pchw2o8i1564474434/220,战争,最后的狙击战,主演：汤姆・伯兰吉尔 Steven Luke Mikeal Burgin Aaron Courteau,6.9 ,https://v.qq.com/x/cover/125dfl7pchw2o8i.html,https://v.qq.com/txp/iframe/player.html?vid=h0031hpbshu
237,//puui.qpic.cn/vcover_vt_pic/0/xjwobi65jpwkwfq1507772944/220,战争,小兵张嘎,主演：安吉斯 张莹 葛存壮 吴克勤,8.7 ,https://v.qq.com/x/cover/xjwobi65jpwkwfq.html,https://v.qq.com/txp/iframe/player.html?vid=w0020k0553p
238,//puui.qpic.cn/vcover_vt_pic/0/mzz92kqwfde2t56t1463821351.jpg/220,战争,杨成武强攻东团堡,主演：宋佳伦 赵子琪 矢野浩二 李君峰 战卫华,7.4 ,https://v.qq.com/x/cover/mzz92kqwfde2t56.html,https://v.qq.com/txp/iframe/player.html?vid=r0032n9gske
239,//puui.qpic.cn/vcover_vt_pic/0/budy5x57stdi6oq1514519838/220,战争,南征北战,主演：陈戈 冯 汤化达 王力 张瑞芳,8.4 ,https://v.qq.com/x/cover/budy5x57stdi6oq.html,https://v.qq.com/txp/iframe/player.html?vid=b0015hnv2ry
240,//puui.qpic.cn/vcover_vt_pic/0/xg95sxi4q7zc4uot1460107848.jpg/220,科幻,美人鱼,主演：邓超 罗志祥 张雨绮 林允,8.3 ,https://v.qq.com/x/cover/xg95sxi4q7zc4uo.html,https://v.qq.com/txp/iframe/player.html?vid=u0020m5jr73
241,//puui.qpic.cn/vcover_vt_pic/0/3fvg46217gw800n1566963547/220,科幻,流浪地球,主演：屈楚萧 吴京 李光洁 吴孟达 赵今麦,8.9 ,https://v.qq.com/x/cover/3fvg46217gw800n.html,https://v.qq.com/txp/iframe/player.html?vid=h0030qj4fov
242,//puui.qpic.cn/vcover_vt_pic/0/380idj4s3fxn1mz1543994759/220,科幻,钢铁飞龙之奥特曼崛起,小正太与奥特曼携手拯救地球,6.5 ,https://v.qq.com/x/cover/380idj4s3fxn1mz.html,https://v.qq.com/txp/iframe/player.html?vid=y003057wcgc
243,//puui.qpic.cn/vcover_vt_pic/0/f7pqur8uhmzltps1559809738/220,科幻,环太平洋：雷霆再起,主演：约翰・博耶加 斯科特・伊斯特伍德 卡莉・史派妮 景甜,7.6 ,https://v.qq.com/x/cover/f7pqur8uhmzltps.html,https://v.qq.com/txp/iframe/player.html?vid=o0026dn1s6q
244,//puui.qpic.cn/vcover_vt_pic/0/ggaq10nuimpw3u81512983476/220,科幻,钢铁飞龙之再见奥特曼,大张伟爆笑配音维护地球和平,6.1 ,https://v.qq.com/x/cover/ggaq10nuimpw3u8.html,https://v.qq.com/txp/iframe/player.html?vid=b0025exxmrc
245,//puui.qpic.cn/vcover_vt_pic/0/6wx9pvukqzx9mkx1543738220/220,科幻,猛鬼学堂,主演：张学友 许冠英 林忆莲 楼南光,8.1 ,https://v.qq.com/x/cover/6wx9pvukqzx9mkx.html,https://v.qq.com/txp/iframe/player.html?vid=8qHKJCyvYNt
246,//puui.qpic.cn/vcover_vt_pic/0/w3ul47d11rav8kst1445505696.jpg/220,科幻,黑猫警长之翡翠之星,时隔30年续写童年回忆,7.4 ,https://v.qq.com/x/cover/w3ul47d11rav8ks.html,https://v.qq.com/txp/iframe/player.html?vid=y00180x3dpo
247,//puui.qpic.cn/vcover_vt_pic/0/0k89cbc5x5j5q4o1572321059/220,科幻,超体,主演：斯嘉丽・约翰逊 摩根・弗里曼 崔岷植 阿马尔・维克德 朱利安・林希德-图特,8.4 ,https://v.qq.com/x/cover/0k89cbc5x5j5q4o.html,https://v.qq.com/txp/iframe/player.html?vid=x0015fmv2lg
248,//puui.qpic.cn/vcover_vt_pic/0/abtvxea307ts3ew1514355215/220,科幻,天崩地裂,主演：金・德莱尼 大卫・库比特,7.5 ,https://v.qq.com/x/cover/abtvxea307ts3ew.html,https://v.qq.com/txp/iframe/player.html?vid=a0025i5jc81
249,//puui.qpic.cn/vcover_vt_pic/0/6pfpvdk6z9v55wc1570610976/220,科幻,死寂逃亡,主演：斯坦利・图齐 琪兰・席普卡 米兰达・奥图 约翰・考伯特 比利・麦克莱伦,7.5 ,https://v.qq.com/x/cover/6pfpvdk6z9v55wc.html,https://v.qq.com/txp/iframe/player.html?vid=p0032ze1m8d
250,//puui.qpic.cn/vcover_vt_pic/0/detoxkgs5zsqjhr1555643508/220,科幻,莫斯科陷落,主演：伊琳娜・斯达森保姆 林奈・穆罕默托夫 亚历山大・佩特罗夫,7.2 ,https://v.qq.com/x/cover/detoxkgs5zsqjhr.html,https://v.qq.com/txp/iframe/player.html?vid=b0026dwvo8l
251,//puui.qpic.cn/vcover_vt_pic/0/y2vmv6wnpbb1wp71545270036/220,科幻,恐龙侵袭,主演：布莱恩・克劳斯 Anne McDaniels Steven Helmkamp Candice Nunes,6.4 ,https://v.qq.com/x/cover/y2vmv6wnpbb1wp7.html,https://v.qq.com/txp/iframe/player.html?vid=p00297xb2r9
252,//puui.qpic.cn/vcover_vt_pic/0/086w61i1yf35jzh1574149046/220,科幻,机器之血,主演：成龙 罗志祥 欧阳娜娜 卡兰・马尔韦,7.2 ,https://v.qq.com/x/cover/086w61i1yf35jzh.html,https://v.qq.com/txp/iframe/player.html?vid=v0025d8nel1
253,//puui.qpic.cn/vcover_vt_pic/0/36t1wi1qri4h2ej1520417151/220,科幻,夺命五头鲨,主演：克里斯・布鲁诺,6.3 ,https://v.qq.com/x/cover/36t1wi1qri4h2ej.html,https://v.qq.com/txp/iframe/player.html?vid=y00309aq7o8
254,//puui.qpic.cn/vcover_vt_pic/0/mzc00200r79j2lc1588411236213/220,科幻,小羊肖恩2：末日农场,全员可爱！肖恩太空漫游,8.9 ,https://v.qq.com/x/cover/mzc00200r79j2lc.html,https://v.qq.com/txp/iframe/player.html?vid=m0033lpqyv2
255,//puui.qpic.cn/vcover_vt_pic/0/fqc9exx7n20bjujt1445501942.jpg/220,科幻,千钧一发,主演：伊桑・霍克 乌玛・瑟曼 裘德・洛,9.1 ,https://v.qq.com/x/cover/fqc9exx7n20bjuj.html,https://v.qq.com/txp/iframe/player.html?vid=t0018qcoesr
256,//puui.qpic.cn/vcover_vt_pic/0/pgsr8fnw41jsght1576737229/220,科幻,安德的游戏,主演：阿沙・巴特菲尔德 哈里森・福特 海莉・斯坦菲尔德 阿比吉尔・布莱斯林,8.2 ,https://v.qq.com/x/cover/pgsr8fnw41jsght.html,https://v.qq.com/txp/iframe/player.html?vid=j0014rnjt0e
257,//puui.qpic.cn/vcover_vt_pic/0/wn8zjoi9e41qoyf1501637087/220,科幻,星际特工：千星之城,主演：戴恩・德哈恩 卡拉・迪瓦伊 克里夫・欧文 蕾哈娜 吴亦凡 伊桑・霍克 赫比・汉考克 鲁特格尔・哈尔,8.3 ,https://v.qq.com/x/cover/wn8zjoi9e41qoyf.html,https://v.qq.com/txp/iframe/player.html?vid=y0025uq7nrm
258,//puui.qpic.cn/vcover_vt_pic/0/ywfk65xsx41eg6zt1444949250.jpg/220,科幻,雪国列车,主演：克里斯・埃文斯 杰米・贝尔 宋康昊 蒂尔达・斯文顿 高雅星 约翰・赫特,8.4 ,https://v.qq.com/x/cover/ywfk65xsx41eg6z.html,https://v.qq.com/txp/iframe/player.html?vid=h0014k3deac
259,//puui.qpic.cn/vcover_vt_pic/0/z6uc1c6s1a80i341524449580/220,科幻,美女武士,主演：Sopita Kessarin Ektawatkul Sarunyu Wongkrachang,6.1 ,https://v.qq.com/x/cover/z6uc1c6s1a80i34.html,https://v.qq.com/txp/iframe/player.html?vid=T0010F0qZQ7
260,//puui.qpic.cn/vcover_vt_pic/0/ddt3kd395omv85i1549934546/220,科幻,致命指令,主演：凡妮莎・柯比 托尔・林德哈特 大卫・阿贾拉 汤姆・麦凯 黛博拉・罗桑,7.6 ,https://v.qq.com/x/cover/ddt3kd395omv85i.html,https://v.qq.com/txp/iframe/player.html?vid=z00210tlwds
261,//puui.qpic.cn/vcover_vt_pic/0/1902rza0d5zclyt1568017287/220,科幻,海市蜃楼,主演：阿德丽安娜・尤加特 奇诺・达林 哈维尔・古铁雷斯 诺拉・纳瓦斯 米格尔・费南德斯,8.7 ,https://v.qq.com/x/cover/1902rza0d5zclyt.html,https://v.qq.com/txp/iframe/player.html?vid=n0030nvkc8m
262,//puui.qpic.cn/vcover_vt_pic/0/yz4vl2g8sma0zuu1555998887/220,科幻,刺客信条,主演：迈克尔・法斯宾德 玛丽昂・歌迪亚 杰瑞米・艾恩斯 迈克尔・威廉姆斯 亚里安妮・拉贝德 布莱丹・格里森,7.4 ,https://v.qq.com/x/cover/yz4vl2g8sma0zuu.html,https://v.qq.com/txp/iframe/player.html?vid=u002349fm85
263,//puui.qpic.cn/vcover_vt_pic/0/p6zpejgmkq6jzwd1516021177/220,科幻,异形复活,巨型食肉蜘蛛的死亡威胁,7.4 ,https://v.qq.com/x/cover/p6zpejgmkq6jzwd.html,https://v.qq.com/txp/iframe/player.html?vid=i0025qndea0
264,//puui.qpic.cn/vcover_vt_pic/0/kx2nixwxxkh54nd1557710591/220,科幻,哥斯拉：怪兽行星,哥斯拉练级闪亮登场,7.9 ,https://v.qq.com/x/cover/kx2nixwxxkh54nd.html,https://v.qq.com/txp/iframe/player.html?vid=i0028e7v5t9
265,//puui.qpic.cn/vcover_vt_pic/0/kua9hdkr1ys2nzu1554689334/220,科幻,桂宝大电影之爆笑闯宇宙,天才发明惹来大麻烦,7.3 ,https://v.qq.com/x/cover/kua9hdkr1ys2nzu.html,https://v.qq.com/txp/iframe/player.html?vid=c00180kfk7w
266,//puui.qpic.cn/vcover_vt_pic/0/8rhm1xj9jys8vg01554273337/220,科幻,赛尔号大电影2之雷伊与迈尔斯,快男超女倾情献声,6.9 ,https://v.qq.com/x/cover/8rhm1xj9jys8vg0.html,https://v.qq.com/txp/iframe/player.html?vid=y0011yfmvuz
267,//puui.qpic.cn/vcover_vt_pic/0/duc9w3a13k4hzpo1554089255/220,科幻,鲨鱼帝国,主演：约翰・萨维奇 Jack Armstrong Jonathan Pienaar,6.5 ,https://v.qq.com/x/cover/duc9w3a13k4hzpo.html,https://v.qq.com/txp/iframe/player.html?vid=g0030lt8ez3
268,//puui.qpic.cn/vcover_vt_pic/0/mzc00200h1dr7ll1576554361/220,科幻,三傻闹地球,三个外星人爱上电视购物,8.3 ,https://v.qq.com/x/cover/mzc00200h1dr7ll.html,https://v.qq.com/txp/iframe/player.html?vid=w0033qfp9ca
269,//puui.qpic.cn/vcover_vt_pic/0/dvmsdzuuz52iua41554345915/220,科幻,汽车人总动员,启动引擎小汽车极速狂飙,6 ,https://v.qq.com/x/cover/dvmsdzuuz52iua4.html,https://v.qq.com/txp/iframe/player.html?vid=j00173gdozd
